name,wiki_description,wiki_url,categories,fact_style,fact_completed,fact_type,fact_built,fact_built_by,fact_visitors
Basilique Cathédrale de Saint-Denis,"The Basilica of Saint-Denis (French: Basilique royale de Saint-Denis, now formally known as the Basilique-cathédrale de Saint-Denis) is a large former medieval abbey church and cathedral in the commune of Saint-Denis, a northern suburb of Paris. The building is of singular importance historically and architecturally as its choir, completed in 1144, is widely considered the first structure to employ all of the elements of Gothic architecture.",https://en.wikipedia.org/wiki/Basilica_of_Saint-Denis,"Buildings and structures completed in 1144, 12th-century Roman Catholic church buildings in France, Churches in Seine-Saint-Denis, Roman Catholic cathedrals in France, Benedictine monasteries in France",Gothic,,,,,
Oppidum et musée archéologique d'Ensérune,"The Centre des monuments nationaux (French pronunciation: , CMN; 'National monuments centre') is a French government body (établissement public à caractère administratif) which conserves, restores and manages historic buildings and sites that are the property of the French state. It is run by the Ministry of Culture.",https://en.wikipedia.org/wiki/Centre_des_monuments_nationaux,"Government agencies of France, Lists of buildings and structures in France, Historic sites in France, National heritage organizations, 2000 establishments in France",,,,,,
Château d'Assier,"The Château d'Assier is located in Assier, in the Lot department of the Occitanie region of south-west France. It is an example of the diffusion of Renaissance château architecture from the Loire Valley into other parts of France.",https://en.wikipedia.org/wiki/Ch%C3%A2teau_d%27Assier,"Châteaux in Lot (department), Historic house museums in Occitania (administrative region), Museums in Lot (department), Monuments historiques of Lot (department), Houses completed in 1535",French Renaissance,1535,Château,1518,,
Cathédrale Saint-Lazare d'Autun,"The Cathedral of Saint Lazarus of Autun (French: Cathédrale Saint-Lazare d'Autun), commonly known as Autun Cathedral, is a Roman Catholic cathedral in Autun and a national monument of France. Famous for its Cluniac inspiration and its Romanesque sculptures by Gislebertus, it is a highlight of Romanesque art in Burgundy. It is the seat of the Roman Catholic Diocese of Autun and its Bishop. The Bishop of Autun set forth the construction of St. Lazarus Cathedral as a result of the large movement of pilgrims travelling to Vezelay as they progressed on the pilgrimage route to Santiago de Compostela.",https://en.wikipedia.org/wiki/Autun_Cathedral,"1146 establishments in Europe, Buildings and structures completed in 1146, Churches completed in the 1140s, Roman Catholic cathedrals in France, Romanesque art","Romanesque, Gothic","1146, Significant modifications in the 13th and 16th centuries",,,,
Château d'Angers,"The Château d'Angers is a castle in the city of Angers in the Loire Valley, in the département of Maine-et-Loire, in France. Founded in the 9th century by the Counts of Anjou, it was expanded to its current size in the 13th century. It is located overhanging the River Maine. It is a listed historical monument since 1875. Now open to the public, the Château d'Angers is home of the Apocalypse Tapestry.",https://en.wikipedia.org/wiki/Ch%C3%A2teau_d%27Angers,"Castles in Pays de la Loire, Buildings and structures in Angers, Châteaux in Maine-et-Loire, Museums in Maine-et-Loire, Historic house museums in Pays de la Loire",,,Medieval castle,9th and early 13th centuries,,
Colonne de la Grande Armée,"The Grande Armée (pronounced ; French for 'Great Army') was the primary field army of the French Imperial Army during the Napoleonic Wars. Commanded by Napoleon, from 1804 to 1808 it won a series of military victories that allowed the First French Empire to exercise unprecedented control over most of Europe. Widely acknowledged to be one of the greatest fighting forces ever assembled, it suffered catastrophic losses during the disastrous French invasion of Russia, after which it never recovered its strategic superiority and ended its military career with a total defeat during the Hundred Days in 1815.",https://en.wikipedia.org/wiki/Grande_Arm%C3%A9e,"1804 establishments in France, 1815 disestablishments in France, Armies of Napoleonic Wars, Disbanded armies, La Grande Armée",,,Field army,,,
Monastère royal de Brou,"The Royal Monastery of Brou is a religious complex located at Bourg-en-Bresse in the Ain département, central France. Made out of monastic buildings in addition to a church, they were built at the beginning of the 16th century by Margaret of Austria, daughter of the Holy Roman Emperor Maximilian I and Governor of the Habsburg Netherlands. The complex was designed as a dynastic burial place in the tradition of the Burgundian Champmol and Cîteaux Abbey, and the French Saint-Denis. The church is known as the Église Saint-Nicolas-de-Tolentin de Brou in French.",https://en.wikipedia.org/wiki/Royal_Monastery_of_Brou,"16th-century Roman Catholic church buildings in France, Roman Catholic churches completed in 1532, Christian monasteries in Ain, Monuments historiques of Ain, Churches in Ain",,,,,,
Alignements de Carnac,"The Carnac stones (Breton: Steudadoù Karnag) are an exceptionally dense collection of megalithic sites near the south coast of Brittany in northwestern France, consisting of stone alignments (rows), dolmens (stone tombs), tumuli (burial mounds) and single menhirs. More than 3,000 prehistoric standing stones were hewn from local granite and erected by the pre-Celtic people of Brittany and form the largest such collection in the world. Most of the stones are within the Breton municipality of Carnac, but some to the east are within neighboring La Trinité-sur-Mer. The stones were erected at some stage during the Neolithic period, probably around 3300 BC, but some may date to as early as 4500 BC.",https://en.wikipedia.org/wiki/Carnac_stones,"Archaeoastronomy, Megalithic monuments in Brittany, Buildings and structures in Morbihan, Geography of Brittany, Tourist attractions in Morbihan",,,,,,
Cairn de Barnenez,"The Cairn of Barnenez (also: Barnenez Tumulus, Barnenez Mound; in Breton Karn Barnenez; in French: Cairn de Barnenez or Tumulus de Barnenez) is a Neolithic monument located near Plouezoc'h, on the Kernéléhen peninsula in northern Finistère, Brittany, France. It dates to the early Neolithic, around 4000 BC. Along with the Tumulus of Bougon and Locmariaquer megaliths, also located in Great West France, it is one of the earliest megalithic monuments in Europe and one of the oldest man-made structures in the world. It is also remarkable for the presence of megalithic art.",https://en.wikipedia.org/wiki/Barnenez,"Buildings and structures completed in the 5th millennium BC, 1807 archaeological discoveries, Neolithic sites of Europe, Archaeological sites in Brittany, Megalithic monuments in Brittany",,c. 4000 BC,,c. 4850 BC,,
Village fortifié de Mont-Dauphin,"The Château de Flumet, also known locally as the Château des Faucigny, was a 12th-century fortified site located in the Val d’Arly (fr). Now disappeared, it stood above the commune of Flumet in the Savoie department, within the Auvergne–Rhône-Alpes region. Between the 13th and 15th centuries, it served as the seat of a châtellenie.",https://en.wikipedia.org/wiki/Ch%C3%A2teau_de_Flumet,"Medieval architecture, Medieval defences, Castles, Fortifications",,,Castle,,,
Château et remparts de la Cité de Carcassonne,"The Cité de Carcassonne (Occitan: Ciutat de Carcassona ) is a medieval citadel located in the French city of Carcassonne, in the Aude department, Occitania region. It is situated on a hill on the right bank of the river Aude, in the south-eastern part of the city proper.",https://en.wikipedia.org/wiki/Cit%C3%A9_de_Carcassonne,"Castles in Aude, History of Aude, World Heritage Sites in France, Carcassonne, Buildings and structures in Aude",,,,,,
Château de Vincennes,"The Château de Vincennes (French pronunciation: ) is a former fortress and royal residence next to the town of Vincennes, on the eastern edge of Paris, alongside the Bois de Vincennes. It was largely built between 1361 and 1369, and was a preferred residence, after the Palais de la Cité, of French kings from the 14th to 16th century. It is particularly known for its ""donjon"" or keep, a fortified central tower (the tallest in Europe) built in the 14th century and for the chapel, Sainte-Chapelle de Vincennes, begun in 1379 but not completed until 1552, which is an exceptional example of Flamboyant Gothic architecture. Because of its fortifications, the château was often used as a royal sanctuary in times of trouble and as a prison and military headquarters. The chapel was listed as an historic monument in 1853 and the keep was listed in 1913. Most of the building is now open to the public.",https://en.wikipedia.org/wiki/Ch%C3%A2teau_de_Vincennes,"Buildings and structures completed in 1410, Houses completed in the 15th century, Castles in Île-de-France, Palaces in France, Royal residences in France",,,Medieval castle,c. 1340–1410,,
Tour Pey-Berland,"The Tour Pey-Berland (Pey Berland Tower), named for its patron Pey Berland, is the separate bell tower of the Bordeaux Cathedral, in Bordeaux at the Place Pey Berland.",https://en.wikipedia.org/wiki/Tour_Pey-Berland,"Religious buildings and structures completed in 1500, Towers completed in the 15th century, Buildings and structures in Bordeaux, Towers in France, Tourist attractions in Bordeaux",,,,,,
Hôtel de Sully,"The Hôtel de Sully (French pronunciation: ) is a Louis XIII style hôtel particulier, or private mansion, located at 62 Rue Saint-Antoine in the Marais, 4th arrondissement, Paris, France. Built at the beginning of the 17th century, it is nowadays the seat of the Centre des monuments nationaux, the French national organization responsible for national heritage sites. It has been listed since 1862 as a monument historique by the Ministry of Culture.",https://en.wikipedia.org/wiki/H%C3%B4tel_de_Sully,"Houses completed in 1630, Le Marais, Hôtels particuliers in Paris, Buildings and structures in the 4th arrondissement of Paris, Monuments historiques of Paris",Louis XIII,1630,Hôtel particulier,1624,Jean Androuet du Cerceau,
Hôtel de Sade,"Donatien Alphonse François, Marquis de Sade (/sɑːd, sæd/ SA(H)D; French: ; 2 June 1740 – 2 December 1814) was a French writer, libertine, political activist, and nobleman best known for his libertine novels and imprisonment for sex crimes, blasphemy, and pornography. His works include novels, short stories, plays, dialogues, and political tracts. Some of these were published under his own name during his lifetime, but most appeared anonymously or posthumously.",https://en.wikipedia.org/wiki/Marquis_de_Sade,"Marquis de Sade, 1740 births, 1814 deaths, 18th-century French criminals, 18th-century French dramatists and playwrights",,,,,,
Chapelle des moines de Berzé-la-Ville,Berzé-la-Ville (French pronunciation: ; Arpitan: Bresié-la-Vela) is a commune in the Saône-et-Loire department in the region of Bourgogne-Franche-Comté in eastern France.,https://en.wikipedia.org/wiki/Berz%C3%A9-la-Ville,Communes of Saône-et-Loire,,,,,,
Château de Bussy-Rabutin,"Roger de Rabutin, comte de Bussy (13 April 1618 – 9 April 1693), commonly known as Bussy-Rabutin, was a French memoirist. He was the cousin and frequent correspondent of Madame de Sévigné.","https://en.wikipedia.org/wiki/Roger_de_Rabutin,_comte_de_Bussy","1618 births, 1693 deaths, People from Nivernais, Members of the Académie Française, 17th-century French writers",,,,,,
Château de Bouges,"The Château de Bouges (French pronunciation: ) is an 18th-century mansion in the town of Bouges-le-Château, in the Indre département of France, in the Loire Valley. It is classified as a monument historique and the gardens are listed by the Ministry of Culture as among the Notable Gardens of France. The château and gardens are open to the public.",https://en.wikipedia.org/wiki/Ch%C3%A2teau_de_Bouges,"Châteaux of the Loire Valley, Châteaux in Indre, Gardens in Indre, Historic house museums in Centre-Val de Loire, Museums in Indre",,,,,,
Colonne de Juillet,"The July Column (French: Colonne de Juillet, ) is a monumental column in Paris commemorating the Revolution of 1830. It stands in the center of the Place de la Bastille and celebrates the Trois Glorieuses — the 'three glorious' days of 27–29 July 1830 that saw the fall of Charles X, King of France, and the commencement of the July Monarchy of Louis-Philippe, King of the French. It was built between 1835 and 1840.",https://en.wikipedia.org/wiki/July_Column,"Buildings and structures completed in 1840, Monuments and memorials in Paris, Place de la Bastille, Monumental columns in France, Terminating vistas in Paris",,,Victory column,,"Jean-Antoine Alavoine, Joseph-Louis Duc","2,400 (in 2022)"
Conciergerie,"The Conciergerie (French pronunciation: ) (English: Lodge) is a former courthouse and prison in Paris, France located on the west of the Île de la Cité below the Palais de Justice. It was originally part of the former royal palace, the Palais de la Cité, which also included the Sainte-Chapelle. Two large medieval halls remain from the royal palace. During the French Revolution, 2,781 prisoners, including Marie Antoinette, were imprisoned, tried and sentenced at the Conciergerie then sent to different sites to be executed by the guillotine. It’s now a national monument and museum.",https://en.wikipedia.org/wiki/Conciergerie,"Châteaux in Paris, Castles in Île-de-France, Royal residences in France, Tourist attractions in Paris, Defunct prisons in Paris",Gothic and Gothic Revival,,"palace, courthouse, prison",,,
Cathédrale Notre-Dame d'Amiens,"The Cathedral of Our Lady of Amiens (French: Cathédrale Notre-Dame d'Amiens), or simply Amiens Cathedral, is a Catholic cathedral. The cathedral is the seat of the Bishop of Amiens. It is situated on a slight ridge overlooking the River Somme in Amiens, the administrative capital of the Picardy region of France, some 120 kilometres (75 miles) north of Paris.",https://en.wikipedia.org/wiki/Amiens_Cathedral,"Buildings and structures completed in 1270, 13th-century Roman Catholic church buildings in France, World Heritage Sites in France, Roman Catholic cathedrals in France, Buildings and structures in Amiens",Rayonnant,,Cultural,c. 1220–1270,"Robert of Luzarches, Thomas and Regnault de Cormont",
Château d'Azay-le-Rideau,"The Château d'Azay-le-Rideau (pronounced ) is located in the town of Azay-le-Rideau in the French département of Indre-et-Loire. Built between 1518 and 1527, this château is considered one of the foremost examples of early French renaissance architecture. Set on an island in the middle of the Indre river, this picturesque château has become one of the most popular of the châteaux of the Loire valley.",https://en.wikipedia.org/wiki/Ch%C3%A2teau_d%27Azay-le-Rideau,"Châteaux in Indre-et-Loire, Houses completed in 1527, Historic house museums in Centre-Val de Loire, Museums in Indre-et-Loire, Water castles in France",,,,,,
Château de Maisons,"The Château de Maisons (now Château de Maisons-Laffitte ), designed by François Mansart from 1630 to 1651, is a prime example of French Baroque architecture and a reference point in the history of French architecture. The château is located in Maisons-Laffitte, a northwestern suburb of Paris, in the department of Yvelines, Île-de-France.",https://en.wikipedia.org/wiki/Ch%C3%A2teau_de_Maisons,"Houses completed in 1651, Châteaux in Yvelines, Palaces in France, Historic house museums in Île-de-France, Museums in Yvelines",,,,,,
Abbaye de Montmajour,"Montmajour Abbey, formally the Abbey of St. Peter in Montmajour (French: Abbaye Saint-Pierre de Montmajour ; Occitan: Abadia de Sancte Pèire en Montmajour), was a fortified Benedictine monastery built between the 10th and 18th centuries on what was originally an island five kilometers north of Arles, in what is now the Bouches-du-Rhône Department, in the region of Provence in the south of France.",https://en.wikipedia.org/wiki/Montmajour_Abbey,"12th-century Roman Catholic church buildings in France, 14th-century Roman Catholic church buildings in France, 18th-century Roman Catholic church buildings in France, Christian monasteries established in the 10th century, Benedictine monasteries in France",Gothic and Neoclassical,,,949,Pierre II Mignard (Maurist monastery),
Abbaye du Thoronet,"Thoronet Abbey (French: L'abbaye du Thoronet) is a former Cistercian abbey built in the late twelfth and early thirteenth century, now restored as a museum. It is sited between the towns of Draguignan and Brignoles in the Var Department of Provence, in southeast France. It is one of the three Cistercian abbeys in Provence, along with the Sénanque Abbey and Silvacane, that together are known as ""the Three Sisters of Provence.""",https://en.wikipedia.org/wiki/Thoronet_Abbey,"Romanesque architecture in Provence, Cistercian monasteries in France, Buildings and structures in Var (department), 1120 establishments in Europe, 1120s establishments in France",,,,,,
Panthéon,"The Panthéon (French:  ⓘ, from Ancient Greek πάνθειον (pántheion) ' to all the gods') is a monument in the 5th arrondissement of Paris, France. It stands in the Latin Quarter (Quartier Latin), on the Montagne Sainte-Geneviève, in the centre of the Place du Panthéon, which was named after it. The edifice was built between 1758 and 1790, from designs by Jacques-Germain Soufflot, at the behest of King Louis XV; the king intended it as a church dedicated to Saint Genevieve, Paris's patron saint, whose relics were to be housed in the church. Neither Soufflot nor Louis XV lived to see the church completed.",https://en.wikipedia.org/wiki/Panth%C3%A9on,"1790 establishments in France, Buildings and structures in the 5th arrondissement of Paris, Cemeteries in Paris, Churches completed in 1790, Domes",Neoclassicism,1790,Mausoleum,1758,"Jacques-Germain Soufflot, Jean-Baptiste Rondelet",
Château de Châteaudun,The Château de Châteaudun is a castle located in the town of Châteaudun in the French department of Eure-et-Loir.,https://en.wikipedia.org/wiki/Ch%C3%A2teau_de_Ch%C3%A2teaudun,"Castles in Centre-Val de Loire, Historic house museums in Centre-Val de Loire, Châteaux in Eure-et-Loir, Museums in Eure-et-Loir, Monuments historiques of Eure-et-Loir",Gothic and Renaissance,,"Castle, then château",1171,,
Villa Savoye,"Villa Savoye (French pronunciation: ) is a modernist villa and gatelodge in Poissy, on the outskirts of Paris, France. It was designed by the Swiss-French architect Le Corbusier and his cousin Pierre Jeanneret, and built between 1928 and 1931 using reinforced concrete.",https://en.wikipedia.org/wiki/Villa_Savoye,"Villa Savoye, 1931 establishments in France, Buildings and structures in Yvelines, Historic house museums in Île-de-France, Restored and conserved buildings",,,Cultural,,"Le Corbusier, Pierre Jeanneret",
Château de Fougères-sur-Bièvre,"Fougères-sur-Bièvre (French pronunciation: ) is a former commune in the Loir-et-Cher department of central France. On 1 January 2019, it was merged into the new commune Le Controis-en-Sologne.",https://en.wikipedia.org/wiki/Foug%C3%A8res-sur-Bi%C3%A8vre,"Former communes of Loir-et-Cher, Loir-et-Cher geography stubs",,,,,,
Château de Puyguilhem,"The Château de Puyguilhem, also called Puyguilhem Castle, is a château in the commune of Villars in north of the Dordogne, France. Built between 1514 and 1535, the Renaissance style castle like that of the Loire castles was classified as a historical monument on 20 March 1912 and the grounds, woods, and outskirts were registered on 19 May 1945. It is owned by the state of France. It is open to the public.",https://en.wikipedia.org/wiki/Ch%C3%A2teau_de_Puyguilhem_(Villars),"Houses completed in 1535, Châteaux in Dordogne, Historic house museums in Nouvelle-Aquitaine, Museums in Dordogne, Monuments historiques of Dordogne",Renaissance and Gothic architecture,,,1514 to 1535,,
Château d'If,"The Château d'If (French pronunciation: ; Occitan: Castèl d'If) is a fortress located on the Île d'If (Ilha d'If), the smallest island in the Frioul archipelago, situated about 1.5 kilometres (7⁄8 mile) offshore from Marseille in southeastern France. Built in the 16th century, it later served as a prison until the end of the 19th century. The fortress was demilitarized and opened to the public in 1890. It is famous for being one of the settings of Alexandre Dumas's adventure novel The Count of Monte Cristo. It is one of the most visited sites in the city of Marseille (nearly 100,000 visitors per year).",https://en.wikipedia.org/wiki/Ch%C3%A2teau_d%27If,"1531 establishments in France, 7th arrondissement of Marseille, Buildings and structures in Marseille, Castles in Provence-Alpes-Côte d'Azur, The Count of Monte Cristo",Gothic Revival architecture,16th century,,,,
Tours de La Rochelle,"La Rochelle (UK: /ˌlæ rɒˈʃɛl/, US: /ˌlɑː roʊˈʃɛl/, French:  ⓘ; Poitevin-Saintongeais: La Rochéle) is a city on the west coast of France and a seaport on the Bay of Biscay, a part of the Atlantic Ocean. It is the capital of the Charente-Maritime department. With 78,535 inhabitants in 2021, La Rochelle is the most populated commune in the department and ranks fourth in the Nouvelle-Aquitaine region after Bordeaux, the regional capital, Limoges and Poitiers.",https://en.wikipedia.org/wiki/La_Rochelle,"La Rochelle, Populated coastal places in France, Communes of Charente-Maritime, Port cities and towns on the French Atlantic coast, Prefectures in France",,,,,,
Château de Montal,"The Château de Montal is a French Renaissance château located in the heart of the valley of the Bave in the commune of Saint-Jean-Lespinasse in Lot department in the region of Occitanie, in southwestern France. The château has been classified as a historical monuments since 14 June 1909.",https://en.wikipedia.org/wiki/Ch%C3%A2teau_de_Montal,"Châteaux in Lot (department), Monuments historiques of Lot (department)",French Renaissance,,,,,
Château de Pierrefonds,"The Château de Pierrefonds (French pronunciation: ) is a castle situated in the commune of Pierrefonds in the Oise department in the Hauts-de-France region, Northern France.",https://en.wikipedia.org/wiki/Ch%C3%A2teau_de_Pierrefonds,"1400s establishments in France, Buildings and structures completed in 1407, 15th-century fortifications, Castles in Hauts-de-France, Châteaux in Oise",,,Medieval castle,c. 1393–1407,,
Villa Cavrois,"Villa Cavrois in Croix is a large modernist mansion built in 1932 by French architect Robert Mallet-Stevens for Paul Cavrois, an industrialist from Roubaix active in the textile industry.",https://en.wikipedia.org/wiki/Villa_Cavrois,"Buildings and structures in Nord (French department), Modernist architecture in France, Villas in France, Houses completed in 1932, Tourist attractions in Nord (French department)",International style,1932,Private house,1929,Robert Mallet-Stevens,
Cité internationale de la langue française - château de Villers-Cotterêts,"The Château de Villers-Cotterêts (pronounced ) is a historic French château located in the town of Villers-Cotterêts in the Aisne department, Hauts-de-France, about 80 kilometres (50 miles) north-east of Paris.",https://en.wikipedia.org/wiki/Ch%C3%A2teau_de_Villers-Cotter%C3%AAts,"Monuments historiques of Aisne, Renaissance architecture in France, House of Orléans",French Renaissance,1556,Château,1530,"Jacques Lebreton, Guillaume Lebreton, Philibert de l'Orme",
Maison et jardins de Georges Clemenceau,"The Maison de Balzac (French pronunciation: , English: Balzac's House) is a writer's house museum in the former residence of French novelist Honoré de Balzac (1799–1850). It is located in the 16th arrondissement at 47, rue Raynouard, Paris, France, and open daily except Mondays and holidays; admission to the house is free, but a fee is charged for its temporary exhibitions. The nearest métro and RER stations are Passy and Avenue du Président Kennedy.",https://en.wikipedia.org/wiki/Maison_de_Balzac,"Museums in Paris, Historic house museums in Paris, Honoré de Balzac, Buildings and structures in the 16th arrondissement of Paris, Houses in Paris",,,,,,
Château de Castelnau-Bretenoux,"The Château de Castelnau-Bretenoux (French pronunciation: ) is a castle in the commune of Prudhomat, Lot département, France. One of the most impressive in the Quercy region, it has been listed as a monument historique by the French Ministry of Culture since 1862.",https://en.wikipedia.org/wiki/Ch%C3%A2teau_de_Castelnau-Bretenoux,"Châteaux in Lot (department), Historic house museums in Occitania (administrative region), Museums in Lot (department), Monuments historiques of Lot (department), Monuments of the Centre des monuments nationaux",,,,,,
Monastère de Saorge,,https://en.wikipedia.org/w/index.php?go=Go&search=Monast%C3%A8re%20de%20Saorge%20France&title=Special:Search&ns0=1,,,,,,,
Chapelle expiatoire,"The Chapelle expiatoire (French pronunciation: , ""Expiatory Chapel"") is a Roman Catholic chapel located in the 8th arrondissement of Paris, France. The chapel was constructed by Louis XVIII on the grounds where King Louis XVI and Queen Marie Antoinette had been buried after they had been guillotined, and it is dedicated to them as an expiation for that act. The remains of Louis XVI and Marie Antoinette are not in the chapel; they are in the Basilica of Saint-Denis, near Paris, with other French monarchs.",https://en.wikipedia.org/wiki/Chapelle_expiatoire,"1826 establishments in France, Cemeteries in Paris, Roman Catholic churches completed in 1826, Roman Catholic church buildings in the 8th arrondissement of Paris, Catholic chapels in Paris",,,church,1816,"Louis XVIII, Duchess of Angoulême",
Palais Jacques Cœur,"The Palais Jacques Cœur is a large hôtel particulier built by Jacques Cœur for himself and his family in Bourges, France. Built and decorated in the flamboyant style, it is widely viewed as one of the most prominent examples of French civilian architecture in the 15th century.",https://en.wikipedia.org/wiki/Palais_Jacques_Coeur,Buildings and structures in Cher (department),,,,,,
Cloître de la Psalette,"Tours Cathedral (French: Cathédrale Saint-Gatien de Tours) is a Roman Catholic church located in Tours, Indre-et-Loire, France. It is the seat of the Archbishops of Tours, the metropolitan cathedral of the Tours ecclesiastical province and is dedicated to Saint Gatianus. Built between 1170 and 1547, the church has been a classified monument historique since 1862 and has been owned by the French State, with the Catholic Church having the exclusive rights of use.",https://en.wikipedia.org/wiki/Tours_Cathedral,"Churches in Indre-et-Loire, Buildings and structures in Tours, France, Gothic architecture in France, Monuments of the Centre des monuments nationaux, Roman Catholic cathedrals in France",French Gothic,1547,Classé,,,
Château de Champs-sur-Marne,"The Château de Champs-sur-Marne (French pronunciation: ) is a neoclassical château in Champs-sur-Marne, France. It was built in its present form for the treasurer Charles Renouard de la Touane in 1699 by Pierre Bullet, architecte du roi. After the first proprietor's bankruptcy, another financier, Paul Poisson de Bourvalais, took up the project. Jean-Baptiste Bullet de Chamblain, the son of Pierre Bullet, finished Champs in 1706.",https://en.wikipedia.org/wiki/Ch%C3%A2teau_de_Champs-sur-Marne,"Châteaux in Seine-et-Marne, Gardens in Seine-et-Marne, Historic house museums in Île-de-France, Museums in Seine-et-Marne",,,,,,
Château de Villeneuve-Lembron,Lezoux (French pronunciation:  ⓘ; Occitan: Lesós) is a commune in the Puy-de-Dôme department in Auvergne in central France. It was a key location in the filming of the 2004 film Les Choristes (The Chorus).,https://en.wikipedia.org/wiki/Lezoux,"Communes of Puy-de-Dôme, Auvergne, Puy-de-Dôme geography stubs",,,,,,
Château d'Oiron,"The Château d'Oiron is located in Oiron, in the Deux-Sèvres département of western France. It has its origins in the 15th century war with the English for control of France when a victorious Charles VII of France gave the domain and great forest of Oiron to Guillaume Gouffier who became governor of Touraine. This château is the background for Charles Perrault's fairy tale, Puss in Boots. King Louis XIV's mistress, Madame de Montespan was one of the residents in the place.",https://en.wikipedia.org/wiki/Ch%C3%A2teau_d%27Oiron,"15th-century establishments in France, Houses completed in the 15th century, Châteaux in Deux-Sèvres, Museums in Deux-Sèvres, Art museums and galleries in France",,,,,,
Site des mégalithes de Locmariaquer,"The Locmariaquer megaliths are a complex of Neolithic constructions in Locmariaquer, Brittany. They comprise the elaborate Er-Grah tumulus passage grave, a dolmen known as the Table des Marchand and ""The Broken Menhir of Er Grah"", the largest known single block of stone to have been transported and erected by Neolithic people.",https://en.wikipedia.org/wiki/Locmariaquer_megaliths,"Buildings and structures completed in the 5th millennium BC, Megalithic monuments in Brittany, Archaeological sites in Brittany, Monuments historiques of Morbihan, Tumuli in France",,,,,,
Abbaye de Cluny,"Cluny Abbey (French: ; French: Abbaye de Cluny, formerly also Cluni or Clugny; Latin: Abbatia Cluniacensis) is a former Benedictine monastery in Cluny, Saône-et-Loire, France. It was dedicated to Saints Peter and Paul.",https://en.wikipedia.org/wiki/Cluny_Abbey,"Benedictine monasteries in France, Buildings and structures in Saône-et-Loire, 910 establishments, Religious buildings and structures completed in the 910s, Christian monasteries established in the 10th century",,,,910,"William I, Duke of Aquitaine",
Ensemble cathédral du Puy-en-Velay,"Le Puy Cathedral (French: Cathédrale Notre-Dame-de-l'Annonciation du Puy) is a Catholic church located in Le Puy-en-Velay, in the French region of Auvergne. The cathedral is a national monument. It has been a centre of pilgrimage in its own right since before the time of Charlemagne, as well as being a stopover on the pilgrimage route to Santiago de Compostela. Since 1998 it has been part of a multi-location UNESCO World Heritage Site along France's Santiago pilgrimage routes. It is the seat of the Bishop of Le Puy.",https://en.wikipedia.org/wiki/Le_Puy_Cathedral,"Roman Catholic cathedrals in France, Churches in Haute-Loire, Monuments historiques of Haute-Loire, World Heritage Sites in France, Basilica churches in France",Romanesque,13th century,classé,,,
Sites préhistoriques de la vallée de la Vézère,"This is a list of World Heritage Sites in France with properties of cultural and natural heritage in France as inscribed on UNESCO's World Heritage List or as on the country's tentative list. France accepted the Convention Concerning the Protection of the World Cultural and Natural Heritage on 27 June 1975, after which it could nominate properties on their territory to be considered for the World Heritage List.",https://en.wikipedia.org/wiki/List_of_World_Heritage_Sites_in_France,"World Heritage Sites in France, Lists of World Heritage Sites, Lists of tourist attractions in France, French culture-related lists",,,,,,
Maison de George Sand,"The House of George Sand is a writer's house museum in the village of Nohant, in the Indre department of France. It was the home of George Sand (born as Aurore Dupin; 1804–1876), a French author, and was purchased by the French state in 1952. The house was preserved because it was where Sand wrote many of her books and hosted some of the most important artists and writers of her time, including Frédéric Chopin, Franz Liszt, Honoré de Balzac, Ivan Turgenev, and Eugène Delacroix.",https://en.wikipedia.org/wiki/House_of_George_Sand,"Buildings and structures completed in 1452, Houses completed in the 15th century, Houses in France, Gardens in Indre, Buildings and structures in Indre",,,,,,
Sainte-Chapelle,"The Sainte-Chapelle (French: ; English: Holy Chapel) is a royal chapel in the Gothic style, within the medieval Palais de la Cité, the residence of the Kings of France until the 14th century, on the Île de la Cité in the River Seine in Paris, France.",https://en.wikipedia.org/wiki/Sainte-Chapelle,"13th-century Roman Catholic church buildings in France, Buildings and structures completed in 1248, Churches completed in the 1240s, Crown of thorns, Double chapels",Rayonnant Gothic,1248,Royal chapel,,,
Tours de la cathédrale de Reims,"Notre-Dame de Reims (/ˌnɒtrə ˈdɑːm, ˌnoʊtrə ˈdeɪm, ˌnoʊtrə ˈdɑːm/; French:  ⓘ; meaning ""Our Lady of Reims""), known in English as Reims Cathedral (also spelt Rheims Cathedral), is a Catholic cathedral in the French city of the same name, the seat of the Archdiocese of Reims. The cathedral was dedicated to the Virgin Mary and was the traditional location for the coronation of the kings of France. The cathedral is considered to be one of the most important works of Gothic architecture. A major tourist destination, it receives about a million visitors annually. It became a UNESCO World Heritage Site in 1991.",https://en.wikipedia.org/wiki/Reims_Cathedral,"Buildings and structures completed in 1275, 13th-century Roman Catholic church buildings in France, World Heritage Sites in France, Roman Catholic church buildings in Reims, Roman Catholic cathedrals in France",High Gothic,1275,Church,1211–1345,"Jean d'Orbais, Jean-le-Loup, Gaucher of Reims, Bernard de Soissons",
Château ducal de Cadillac,"The House of Nogaret de La Valette, formerly Nogaret, was a ducal family of French nobility, originally from Lavalette (Haute-Garonne) in the Languedoc region. It died out in the 17th century.. The family was elevated to the ducal title four times (1581, 1611, 1621, 1622) and to the rank of Peer of France as early as 1581..",https://en.wikipedia.org/wiki/House_of_Nogaret_de_La_Vallette,"French noble families, House of Nogaret de La Vallete",,,,,,
Cloître de la cathédrale de Bayonne,"The Cathedral of Saint John the Baptist (French: Basilique-Cathédrale de Saint-Jean-Baptiste de Perpignan; Catalan: Catedral de Sant Joan Baptista de Perpinyà) is a Roman Catholic cathedral, and a national monument of France, located in the town of Perpignan in Languedoc-Roussillon. It is dedicated to Saint John the Baptist.",https://en.wikipedia.org/wiki/Perpignan_Cathedral,"15th-century Roman Catholic church buildings in France, Basilica churches in France, Roman Catholic cathedrals in France, Churches in Pyrénées-Orientales, Buildings and structures in Perpignan",Gothic,,church,,,
Château de La Motte Tilly,"Château de La Motte-Tilly is a castle in the commune of La Motte-Tilly, 7 kilometres (4 mi) south-west of Nogent-sur-Seine, Aube, France. It is on the left bank of the Seine and has been open to the public since 1978. The château is managed by the Centre des monuments nationaux.",https://en.wikipedia.org/wiki/Ch%C3%A2teau_de_La_Motte-Tilly,"Castles in Grand Est, Châteaux in Aube, Monuments of the Centre des monuments nationaux",,,,,,
Abbaye du Bec-Hellouin,"Bec Abbey, formally the Abbey of Our Lady of Bec (French: Abbaye Notre-Dame du Bec), is a Benedictine monastic foundation in the Eure département, in the Bec valley midway between the cities of Rouen and Bernay. It is located in Le Bec Hellouin, Normandy, France, and was the most influential abbey of the 12th-century Anglo-Norman kingdom.",https://en.wikipedia.org/wiki/Bec_Abbey,"Benedictine monasteries in France, 1034 establishments in Europe, 1030s establishments in France, Buildings and structures in Eure, Christian monasteries established in the 1030s",,,,,,
Abbaye de Beaulieu-en-Rouergue,not to be confused with Belloc Abbey in Urt; for other uses see Beaulieu,https://en.wikipedia.org/wiki/Beaulieu-en-Rouergue_Abbey,"Cistercian monasteries in France, Christian monasteries established in the 1140s, Art museums and galleries in France, Museums in Tarn-et-Garonne, Churches in Tarn-et-Garonne",,,,1144,"Adhemar III, Bishop of Rodez",
Tours et remparts d’Aigues-Mortes,"Bibi (born 23 February 1964 in Tours, France) is a French artist. His civil name is Fabrice Cahoreau. He is living and working in the South of France. He is known for his art installations in urban spaces using everyday plastic objects.",https://en.wikipedia.org/wiki/Bibi_(artist),"French installation artists, French sculptors, French male sculptors, Light artists, Living people",,,,,,
Trésor de la cathédrale de Lyon,"Notre-Dame de Paris (French: Cathédrale Notre-Dame de Paris French:  ⓘ: ""Cathedral of Our Lady of Paris""), often referred to simply as Notre-Dame, is a medieval Catholic cathedral on the Île de la Cité (an island in the River Seine), in the 4th arrondissement of Paris, France. It is the cathedral church of the Roman Catholic Archdiocese of Paris.",https://en.wikipedia.org/wiki/Notre-Dame_de_Paris,"Notre-Dame de Paris, Cathedrals in Paris, Île de la Cité, 12th-century Roman Catholic church buildings in France, Buildings and structures completed in 1345",French Gothic,1345; 680 years ago,Cathédrale,24 March 1163 to 25 April 1163 (laying of the cornerstone),Maurice de Sully,
Horloge astronomique de Besançon,"Auguste-Lucien Vérité (21 October 1806 – 19 July 1887) was a French clockmaker, the creator of the Besançon astronomical clock and the Beauvais astronomical clock.",https://en.wikipedia.org/wiki/Auguste-Lucien_V%C3%A9rit%C3%A9,"French artist stubs, 1806 births, 1887 deaths, French clockmakers",,,,,,
Site archéologique de Montcaret,"The Centre des monuments nationaux (French pronunciation: , CMN; 'National monuments centre') is a French government body (établissement public à caractère administratif) which conserves, restores and manages historic buildings and sites that are the property of the French state. It is run by the Ministry of Culture.",https://en.wikipedia.org/wiki/Centre_des_monuments_nationaux,"Government agencies of France, Lists of buildings and structures in France, Historic sites in France, National heritage organizations, 2000 establishments in France",,,,,,
Château de Haroué,Haroué (French pronunciation: ) is a commune in the Meurthe-et-Moselle department in north-eastern France.,https://en.wikipedia.org/wiki/Harou%C3%A9,"Communes of Meurthe-et-Moselle, Nancy arrondissement geography stubs",,,,,,
Hôtel de la Marine,"The Hôtel de la Marine (French pronunciation: ), also known (formerly) as the Hôtel du Garde-Meuble (), is an historic building on the Place de la Concorde in Paris, just east of Rue Royale. It was designed by the architect Ange-Jacques Gabriel and built between 1757 and 1774 on the newly created square first called Place Louis XV. The identical building across the street, constructed at the same time, now houses the Hôtel de Crillon and the Automobile Club of France.",https://en.wikipedia.org/wiki/H%C3%B4tel_de_la_Marine,"Buildings and structures in the 8th arrondissement of Paris, Buildings and structures in Paris, French Navy, Houses completed in 1774, Kriegsmarine",Neoclassical Louis XV,1774,,1757,Ange-Jacques Gabriel,
Forteresse de Salses,"The Fort de Salses (also called Forteresse de Salses) is a Catalan fortress in the commune of Salses-le-Château, situated in the French département of Pyrénées-Orientales. It is clearly visible from the A9 autoroute as well as the train line between Perpignan and Narbonne and it is possible to visit from the motorway rest area and the local train station.",https://en.wikipedia.org/wiki/Fort_de_Salses,"Castles in Pyrénées-Orientales, Monuments historiques of Pyrénées-Orientales, Forts in France, Historic house museums in Occitania (administrative region), Museums in Pyrénées-Orientales",,,,,,
Château de Talcy,"The Château de Talcy is a historical building in Talcy, Loir-et-Cher, France. It lies to the north of the river Loire, in the Loire Valley, known for its 16th-century châteaux. From a fortification in existence in the 13th century additional wings were added in the 1620s. Modernised in the 18th century the interiors have been preserved. A Historical Monument first registered in 1906 it has been owned by the state since 1933. It is open to visitors.",https://en.wikipedia.org/wiki/Ch%C3%A2teau_de_Talcy,"Houses completed in the 16th century, Châteaux in Loir-et-Cher, Châteaux of the Loire Valley, Gardens in Loir-et-Cher, Historic house museums in Centre-Val de Loire",,,,,,
Crypte et tour de la cathédrale de Bourges,"Strasbourg Cathedral or the Cathedral of Our Lady of Strasbourg (French: Cathédrale Notre-Dame de Strasbourg, or Cathédrale de Strasbourg, German: Liebfrauenmünster zu Straßburg), also known as Strasbourg Minster (German: Straßburger Münster), is a Catholic cathedral in Strasbourg, Alsace, France. Although considerable parts of it are still in Romanesque architecture, it is widely considered to be among the finest examples of Rayonnant Gothic architecture. Architect Erwin von Steinbach is credited for major contributions from 1277 to his death in 1318, and beyond through his son Johannes von Steinbach, and his grandson Gerlach von Steinbach, who succeeded him as chief architects. The Steinbachs' plans for the completion of the cathedral were not followed through by the chief architects who took over after them, and instead of the originally envisioned two spires, a single, octagonal tower with an elongated, octagonal crowning was built on the northern side of the west facade by master Ulrich Ensingen and his successor, Johannes Hültz. The construction of the cathedral, which had started in the year 1015 and had been relaunched in 1190, was finished in 1439.",https://en.wikipedia.org/wiki/Strasbourg_Cathedral,"15th-century Roman Catholic church buildings in France, Church buildings with domes, Former world's tallest buildings, Gothic architecture in Strasbourg, Monuments historiques of Strasbourg","Romanesque, Gothic",1439,Church,,,
Sites et musée archéologiques de Montmaurin,"The Centre des monuments nationaux (French pronunciation: , CMN; 'National monuments centre') is a French government body (établissement public à caractère administratif) which conserves, restores and manages historic buildings and sites that are the property of the French state. It is run by the Ministry of Culture.",https://en.wikipedia.org/wiki/Centre_des_monuments_nationaux,"Government agencies of France, Lists of buildings and structures in France, Historic sites in France, National heritage organizations, 2000 establishments in France",,,,,,
Site archéologique de Glanum,"The Glanum Dam, also known as the Vallon de Baume dam, was a Roman arch dam built to supply water to the Roman town of Glanum, the remains of which stand outside the town of Saint-Rémy-de-Provence in Southern France. It was situated south of Glanum, in a gorge that cut into the hills of the Alpilles in the Roman province of Gallia Narbonensis. Dating to the 1st century BC, it was the earliest known dam of its kind. The remains of the dam were destroyed during the construction of a modern replacement in 1891, which now facilitates the supply of water to Saint-Rémy-de-Provence in the Bouches-du-Rhône region of France.",https://en.wikipedia.org/wiki/Glanum_Dam,"1763 archaeological discoveries, 1891 disestablishments in France, Buildings and structures demolished in 1891, Dams in France, Ancient Roman dams",,,,,,
Château de Chareil-Cintrat,"The Château de Chareil-Cintrat, also known as the Château du Bas-Chareil, is a late medieval château in France. It is located near Chareil-Cintrat, in the Allier department, Auvergne.",https://en.wikipedia.org/wiki/Ch%C3%A2teau_de_Chareil-Cintrat,"Châteaux in Allier, Monuments historiques of Allier, Historic house museums in Auvergne-Rhône-Alpes, Museums in Allier, Monuments of the Centre des monuments nationaux",,,,,,
Abbaye de La Sauve-Majeure,"UNESCO designated the Routes of Santiago de Compostela in France as a World Heritage Site in December 1998. The routes pass through the following regions of France: Aquitaine, Auvergne, Basse-Normandie, Bourgogne, Centre, Champagne-Ardenne, Ile-de-France, Languedoc-Roussillon, Limousin, Midi-Pyrénées, Picardie, Poitou-Charentes, and Provence-Alpes-Côte d'Azur. UNESCO cites the routes' role in ""religious and cultural exchange"", the development of ""specialized edifices"" along the routes, and their ""exceptional witness to the power and influence of Christian faith among people of all classes and countries in Europe during the Middle Ages"".",https://en.wikipedia.org/wiki/Routes_of_Santiago_de_Compostela_in_France,"World Heritage Sites in France, Camino de Santiago routes",,,,,,
Fort Saint-André,"The Fort Saint-André is a medieval fortress in the commune of Villeneuve-lès-Avignon in the Gard département of France, dating from the first half of the 14th century.",https://en.wikipedia.org/wiki/Fort_Saint-Andr%C3%A9_(Villeneuve-l%C3%A8s-Avignon),"Buildings and structures completed in 1302, Museums in Gard, Castles in Gard, Châteaux in Gard, Buildings and structures in Gard",,,,14th century,,
Maison Ernest Renan,"The Collège de France (French pronunciation:  ⓘ; formerly known as the Collège Royal or as the Collège impérial), founded in 1530 by François I, is a higher education and research establishment (grand établissement) in France. It is located in Paris near La Sorbonne. The Collège de France has been considered to be France's most prestigious research establishment. It is an associate member of PSL University.",https://en.wikipedia.org/wiki/Coll%C3%A8ge_de_France,"Collège de France, Education in Paris, Grands établissements, 1530 establishments in France, Educational institutions established in the 1530s",,,Public,1530; 495 years ago (royal charter),Francis I of France,
Cathédrale de Chartres,"Chartres Cathedral (French: Cathédrale Notre-Dame de Chartres, lit. Cathedral of Our Lady of Chartres) is a Catholic cathedral in Chartres, France, about 80 km (50 miles) southwest of Paris, and is the seat of the Bishop of Chartres. Dedicated in honour of the Virgin Mary ('Our Lady'), it was mostly constructed between 1194 and 1220. It stands on the site of at least five cathedrals that have occupied the site since the Diocese of Chartres was formed as an episcopal see in the 4th century. It is one of the best-known and most influential examples of High Gothic and Classic Gothic architecture. It was built above earlier Romanesque basements, while its north spire is more recent (1507–1513) and is built in the more ornate Flamboyant style.",https://en.wikipedia.org/wiki/Chartres_Cathedral,"Chartres Cathedral, Buildings and structures completed in 1250, Churches completed in the 1250s, Roman Catholic cathedrals in France, Religious buildings and structures in Eure-et-Loir","French Gothic, Romanesque, High Gothic",1252,Church,,,
Grotte de Pair-non-Pair,"The Pair-non-Pair Cave is located near the village of Prignac-et-Marcamps, Aquitaine:Gironde (33) department in France. Only discovered in 1881 it is known for remarkable prehistoric parietal engravings - petroglyphic representations of wild animals (horses, ibexes, cervidae, bovines and mammoths), ""which rank among the most ancient examples of art made by prehistoric"" humans, dating back to between 30,000 and 25,000 BP, the Aurignacian cultural period of the Upper Paleolithic.",https://en.wikipedia.org/wiki/Pair-non-Pair,"1881 archaeological discoveries, Neanderthal sites, Monuments of the Centre des monuments nationaux, Prehistoric sites in France, Paleolithic sites",,,Cave,,,
Domaine national du château de Coucy,"French wine is produced throughout all of France in quantities between 50 and 60 million hectolitres per year, or 7–8 billion bottles. France is one of the largest wine producers in the world. French wine traces its history to the 6th century BCE, with many of France's regions dating their wine-making history to Roman times. The wines produced range from expensive wines sold internationally to modest wines usually only seen within France such as the Margnat wines of the post-war period.",https://en.wikipedia.org/wiki/French_wine,"French cuisine, French wine, Agriculture in France, French drinks, Wine by country",,,,,,
Domaine national de Saint-Cloud,"Saint-Cloud (French pronunciation: ) is a French commune in the western suburbs of Paris, France, 10 kilometres (6 miles) from the centre of Paris. Like other communes of Hauts-de-Seine such as Marnes-la-Coquette, Neuilly-sur-Seine and Vaucresson, Saint-Cloud is one of France's wealthiest towns, with the second-highest average household income of communities with 10,000 to 50,000 households.",https://en.wikipedia.org/wiki/Saint-Cloud,"Communes of Hauts-de-Seine, Cities in Île-de-France",,,,,,
Cloître de la cathédrale de Fréjus,"Fréjus Cathedral (French: Cathédrale Saint-Léonce de Fréjus) is a Roman Catholic church located in the town of Fréjus in the Var department of Provence, southeast France, and dedicated to Saint Leontius of Fréjus.",https://en.wikipedia.org/wiki/Fr%C3%A9jus_Cathedral,"Churches in Var (department), 5th-century churches, Roman Catholic cathedrals in France, Monuments of the Centre des monuments nationaux",Romanesque,16th century,church,,,
Château de Gramont,"Antoine de Gramont, 2nd Duke of Gramont, comte de Guiche, comte de Gramont, comte de Louvigny, Souverain de Bidache (Antoine Agénor; 1604 – 12 July 1678) was a French military commander and diplomat. He served as Marshal of France from 1641, Viceroy of Navarre and Béarn, and Governor of Bayonne.","https://en.wikipedia.org/wiki/Antoine_de_Gramont,_2nd_Duke_of_Gramont","1604 births, 1678 deaths, Dukes of Gramont, Counts of Guiche, Counts of Gramont",,,,,,
Abbaye du Mont-Saint-Michel,"The Mont-Saint-Michel Abbey is an abbey located within the city and island of Mont-Saint-Michel in Normandy, in the department of Manche.",https://en.wikipedia.org/wiki/Mont-Saint-Michel_Abbey,"Benedictine monasteries in France, Carolingian architecture, World Heritage Sites in France, Tourist attractions in Manche, Monuments of the Centre des monuments nationaux",Romanesque and Gothic,1523,,,William of Volpiano (church),
Château de Rambouillet,"The Château de Rambouillet (pronounced ), also known in English as the Castle of Rambouillet, is a château in the town of Rambouillet, Yvelines department, in the Île-de-France region in northern France, 50 km (31 mi) southwest of Paris. It was the summer residence of the Presidents of France from 1896 until 2009, and it is now managed by the Centre des monuments nationaux.",https://en.wikipedia.org/wiki/Ch%C3%A2teau_de_Rambouillet,"1368 establishments in France, Buildings and structures completed in 1368, Châteaux in Yvelines, Châteaux with formal gardens in France, Royal residences in France",,,,,,
Château de Carrouges,"The Château de Carrouges is a château, dating partly from the 14th century, located in the commune of Carrouges, in the Orne department, Normandy, northern France. It is unusual in its combination of an austere fortress with a comfortable residence. The original fortifications at Carrouges were besieged and destroyed by English forces during the Hundred Years War. After the war, the château was rebuilt by Jean Blosset, grand seneschal of Normandy, in the 15th century.",https://en.wikipedia.org/wiki/Ch%C3%A2teau_de_Carrouges,"18th-century establishments in France, Houses completed in the 18th century, Castles in Orne, Monuments historiques of Orne, Historic house museums in Normandy",French Renaissance,18th century,Château,14th century,,
Château d'Aulteribe,"The Château d'Aulteribe is a castle located in Sermentizon, in the Puy-de-Dôme département, Auvergne, central France.",https://en.wikipedia.org/wiki/Ch%C3%A2teau_d%27Aulteribe,"Castles in Auvergne-Rhône-Alpes, Châteaux in Puy-de-Dôme, Monuments historiques of Puy-de-Dôme, Gothic Revival architecture in France, Historic house museums in Auvergne-Rhône-Alpes",,,,,,
Trophée d'Auguste,The Via Julia Augusta (modern Italian Via Giulia Augusta) is the name given to the Roman road formed by the merging of the Via Aemilia Scauri with the Via Postumia.,https://en.wikipedia.org/wiki/Via_Julia_Augusta,"10s BC establishments in the Roman Empire, Buildings and structures completed in the 1st century BC, Roman roads in Italy, Roman roads in Gaul, Augustus",,,Roman road,,,
Site gallo-romain de Sanxay,Sanxay (French pronunciation: ) is a commune in the Vienne department in the Nouvelle-Aquitaine region in western France. The population of Sanxay - as of 2017 - was 548.,https://en.wikipedia.org/wiki/Sanxay,"Communes of Vienne (department), Pictones, Monuments of the Centre des monuments nationaux, Vienne (department) geography stubs",,,,,,
Arc de triomphe,"The Arc de Triomphe de l'Étoile, often simply called the Arc de Triomphe, is one of the most famous monuments in Paris, France. It is located at the western end of the Champs-Élysées, at the centre of Place Charles de Gaulle—formerly known as Place de l'Étoile—named for the star-shaped configuration formed by the convergence of twelve radiating avenues. Paving stones of different colors trace a stellar pattern on the plaza's surface, with its points reaching toward the centre of each avenue. The monument is situated at the intersection of three arrondissements: the 16th (to the south and west), the 17th (to the north), and the 8th (to the east). Commissioned to honor those who fought and died for France during the French Revolutionary and Napoleonic Wars, the Arc bears the names of French victories and generals engraved on its inner and outer surfaces. Beneath its vault lies the Tomb of the Unknown Soldier from World War I, marked by an eternal flame commemorating unidentified fallen soldiers.",https://en.wikipedia.org/wiki/Arc_de_Triomphe,"Arc de Triomphe, Triumphal arches in France, Monuments and memorials related to Napoleonic Wars, Buildings and structures completed in 1836, Monuments and memorials in Paris",Neoclassicism,,Triumphal arch,15 August 1806,"Jean-François Chalgrin, (1806–1811), Louis-Robert Goust, (1811–1814, 1823–1830), Jean-Nicolas Huyot, (1823–1825, 1826–1832), Guillaume-Abel Blouet, (1832–1836)",
Domaine national du Palais-Royal,"The Palais-Royal (French: ) is a former French royal palace located on Rue Saint-Honoré in the 1st arrondissement of Paris. The screened entrance court faces the Place du Palais-Royal, opposite the Louvre. Originally called the Palais-Cardinal, it was built for Cardinal Richelieu from about 1633 to 1639 by architect Jacques Lemercier. Richelieu bequeathed it to Louis XIII, before Louis XIV gave it to his younger brother, Philippe I, Duke of Orléans. As the succeeding Dukes of Orléans made such extensive alterations over the years, almost nothing remains of Lemercier's original design.",https://en.wikipedia.org/wiki/Palais-Royal,"Houses completed in 1639, 1639 establishments in France, Palaces in France, Ancien Régime French architecture, Baroque palaces in France",,1639,,1633,"Jacques Lemercier, Jules Hardouin-Mansart, Gilles-Marie Oppenord, Pierre Contant d'Ivry, Pierre-Louis Moreau, Victor Louis, Pierre Fontaine, Charles Percier",
Maison des Jardies,"Sèvres (/ˈsɛvrə/, French:  ⓘ) is a French commune in the southwestern suburbs of Paris. It is located 9.9 kilometres (6.2 miles) from the centre of Paris, in the Hauts-de-Seine department in the Île-de-France region. The commune, which had a population of 23,251 as of 2018, is known for its famous porcelain production at the Manufacture nationale de Sèvres, which was also where the Treaty of Sèvres (1920) was signed.",https://en.wikipedia.org/wiki/S%C3%A8vres,Communes of Hauts-de-Seine,,,,,,
Château de Voltaire,"The Château de Voltaire is located in Ferney-Voltaire (Ain) in France, close to the border with Switzerland and the city of Geneva. It was Voltaire's home between 1761 and 1778. It was listed as a historical monument in 1958 and acquired by the French State in 1999.",https://en.wikipedia.org/wiki/Ch%C3%A2teau_de_Voltaire,"Voltaire, Châteaux in Ain, Monuments historiques of Ain",,,,,,
