Tourpedia_id,original_id,Foursquare_url,Foursquare_users_count,Foursquare_checkins_count,Foursquare_tip_count,Foursquare_likes
83456,4adcda09f964a520013421e3,https://foursquare.com/v/%C3%A9glise-de-la-madeleine/4adcda09f964a520013421e3,1956,2839,9,28
83461,4adcda09f964a5200a3421e3,https://foursquare.com/v/cimeti%C3%A8re-de-montmartre/4adcda09f964a5200a3421e3,636,1164,6,8
83465,4adcda09f964a5200e3421e3,https://foursquare.com/v/place-vend%C3%B4me/4adcda09f964a5200e3421e3,5121,8524,27,101
83466,4adcda09f964a5200f3421e3,https://foursquare.com/v/bois-de-vincennes/4adcda09f964a5200f3421e3,1516,3889,25,38
83473,4adcda09f964a520173421e3,https://foursquare.com/v/%C3%A9glise-saintgermain-lauxerrois/4adcda09f964a520173421e3,284,372,3,8
83474,4adcda09f964a5201a3421e3,https://foursquare.com/v/american-church-in-paris/4adcda09f964a5201a3421e3,251,503,4,4
83475,4adcda09f964a5201c3421e3,https://foursquare.com/v/%C3%A9glise-du-valdegr%C3%A2ce/4adcda09f964a5201c3421e3,88,147,2,2
83482,4adcda09f964a520e03321e3,https://foursquare.com/v/grande-mosqu%C3%A9e-de-paris/4adcda09f964a520e03321e3,1852,2777,29,42
83484,4adcda09f964a520e43321e3,https://foursquare.com/v/place-de-la-bastille-paris-%C3%AEledefrance/4adcda09f964a520e43321e3,11211,28290,44,188
83486,4adcda09f964a520e73321e3,https://foursquare.com/v/cimeti%C3%A8re-du-p%C3%A8re-lachaise/4adcda09f964a520e73321e3,4435,6658,72,71
83489,4adcda09f964a520eb3321e3,https://foursquare.com/v/place-dauphine/4adcda09f964a520eb3321e3,742,1248,7,16
83491,4adcda09f964a520ed3321e3,https://foursquare.com/v/palais-royal/4adcda09f964a520ed3321e3,1846,2918,9,24
83492,4adcda09f964a520ee3321e3,https://foursquare.com/v/%C3%A9glise-saintroch/4adcda09f964a520ee3321e3,307,419,5,1
83495,4adcda09f964a520fa3321e3,https://foursquare.com/v/%C3%A9glise-saintsulpice/4adcda09f964a520fa3321e3,1655,2323,17,25
83498,4adcda09f964a520fe3321e3,https://foursquare.com/v/jardins-des-champs%C3%A9lys%C3%A9es/4adcda09f964a520fe3321e3,3639,4403,15,81
83499,4adcda09f964a520ff3321e3,https://foursquare.com/v/pont-des-arts/4adcda09f964a520ff3321e3,7627,10628,39,184
83503,4adcda0af964a520273421e3,https://foursquare.com/v/ar%C3%A8nes-de-lut%C3%A8ce/4adcda0af964a520273421e3,1110,1916,21,19
83506,4adcda0af964a5202b3421e3,https://foursquare.com/v/place-de-catalogne/4adcda0af964a5202b3421e3,428,1403,6,1
83511,4adcda0af964a520323421e3,https://foursquare.com/v/tombeau-de-napol%C3%A9on/4adcda0af964a520323421e3,2303,2481,13,34
83515,4adcda0af964a5203a3421e3,https://foursquare.com/v/mus%C3%A9e-des-arts-et-m%C3%A9tiers/4adcda0af964a5203a3421e3,1561,2422,30,30
83520,4adcda0af964a520563421e3,https://foursquare.com/v/mosqu%C3%A9e-elfath/4adcda0af964a520563421e3,26,121,0,2
83521,4adcda0af964a5205e3421e3,https://foursquare.com/v/passerelle-simone-de-beauvoir/4adcda0af964a5205e3421e3,629,1126,9,13
83523,4adcda0af964a520623421e3,https://foursquare.com/v/centre-pompidou--mus%C3%A9e-national-dart-moderne/4adcda0af964a520623421e3,22414,32289,218,608
83527,4adcda0bf964a520823421e3,https://foursquare.com/v/%C3%A9glise-sainteanne-de-la-butteauxcailles/4adcda0bf964a520823421e3,119,466,0,1
83528,4adcda0bf964a520853421e3,https://foursquare.com/v/%C3%A9glise-saintchristophe-de-javel/4adcda0bf964a520853421e3,45,166,0,0
83529,4adcda0bf964a520883421e3,https://foursquare.com/v/%C3%A9glise-saintl%C3%A9on/4adcda0bf964a520883421e3,25,33,0,0
83531,4adcda0bf964a520973421e3,https://foursquare.com/v/%C3%A9glise-albert-le-grand/4adcda0bf964a520973421e3,6,7,0,0
83532,4adcda0bf964a520983421e3,https://foursquare.com/v/%C3%A9glise-saintfran%C3%A7oisdesales/4adcda0bf964a520983421e3,29,75,0,0
83541,4adcda0cf964a520b53421e3,https://foursquare.com/v/%C3%A9glise-saintjeanbosco-paris-%C3%AEledefrance/4adcda0cf964a520b53421e3,25,34,0,0
83542,4adcda0cf964a520b83421e3,https://foursquare.com/v/%C3%A9glise-saintantoine-de-padoue/4adcda0cf964a520b83421e3,58,168,1,2
83546,4adcda0cf964a520cc3421e3,https://foursquare.com/v/%C3%A9glise-de-mariem%C3%A9diatricedetouteslesgr%C3%A2ces/4adcda0cf964a520cc3421e3,17,28,0,0
83547,4adcda0cf964a520cd3421e3,https://foursquare.com/v/%C3%A9glise-de-la-trinit%C3%A9/4adcda0cf964a520cd3421e3,1024,1856,4,5
83548,4adcda0cf964a520ce3421e3,https://foursquare.com/v/%C3%A9glise-r%C3%A9form%C3%A9e-de-passy-annonciation-paris-france/4adcda0cf964a520ce3421e3,34,104,0,0
83549,4adcda0cf964a520d53421e3,https://foursquare.com/v/%C3%A9glise-saintlambert-de-vaugirard-paris-%C3%AEledefrance/4adcda0cf964a520d53421e3,66,100,1,0
83550,4adcda0cf964a520d73421e3,https://foursquare.com/v/%C3%A9glise-saintphilippe-du-roule/4adcda0cf964a520d73421e3,97,195,1,0
83551,4adcda0cf964a520d83421e3,https://foursquare.com/v/%C3%A9glise-saintpierredemontrouge/4adcda0cf964a520d83421e3,189,657,2,0
83552,4adcda0cf964a520d93421e3,https://foursquare.com/v/%C3%A9glise-saintpierredugroscaillou/4adcda0cf964a520d93421e3,77,194,0,1
83553,4adcda0cf964a520da3421e3,https://foursquare.com/v/%C3%A9glise-saintserge/4adcda0cf964a520da3421e3,39,121,2,0
83554,4adcda0cf964a520db3421e3,https://foursquare.com/v/%C3%A9glise-saintaugustin/4adcda0cf964a520db3421e3,468,730,2,2
83555,4adcda0cf964a520de3421e3,https://foursquare.com/v/%C3%A9glise-sainteodile-paris-%C3%AEledefrance/4adcda0cf964a520de3421e3,41,83,0,1
83556,4adcda0cf964a520df3421e3,https://foursquare.com/v/%C3%A9glise-saintfran%C3%A7ois-xavier/4adcda0cf964a520df3421e3,235,386,4,2
83557,4adcda0cf964a520e03421e3,https://foursquare.com/v/%C3%A9glise-sainthonor%C3%A9-deylau/4adcda0cf964a520e03421e3,75,130,1,0
83558,4adcda0cf964a520e13421e3,https://foursquare.com/v/%C3%A9glise-saintpierre-de-montmartre/4adcda0cf964a520e13421e3,422,474,1,9
83559,4adcda0cf964a520e33421e3,https://foursquare.com/v/%C3%A9glise-saintdenisdusaintsacrement/4adcda0cf964a520e33421e3,71,98,3,1
83561,4adcda0cf964a520e53421e3,https://foursquare.com/v/%C3%A9glise-saint-jeanbaptiste-de-belleville/4adcda0cf964a520e53421e3,142,394,2,1
83562,4adcda0cf964a520e63421e3,https://foursquare.com/v/%C3%A9glise-saintjeanbaptiste-de-grenelle/4adcda0cf964a520e63421e3,93,226,0,0
83563,4adcda0cf964a520e83421e3,https://foursquare.com/v/%C3%A9glise-saintemarie-des-batignolles-paris-%C3%AEledefrance/4adcda0cf964a520e83421e3,192,449,3,1
83564,4adcda0cf964a520ea3421e3,https://foursquare.com/v/eglise-su%C3%A9doise-svenska-kirkan/4adcda0cf964a520ea3421e3,62,154,1,0
83568,4adcda0cf964a520f13421e3,https://foursquare.com/v/%C3%A9glise-notredame-de-lorette/4adcda0cf964a520f13421e3,950,2346,9,5
83569,4adcda0cf964a520f73421e3,https://foursquare.com/v/jardin-catherine-labour%C3%A9/4adcda0cf964a520f73421e3,262,534,6,2
83573,4adcda0cf964a520ff3421e3,https://foursquare.com/v/pavillon-paul-delouvrier/4adcda0cf964a520ff3421e3,45,45,1,0
83583,4adcda0ef964a5203a3521e3,https://foursquare.com/v/place-de-rungis/4adcda0ef964a5203a3521e3,166,1357,2,1
83585,4adcda0ef964a5203d3521e3,https://foursquare.com/v/square-danvers/4adcda0ef964a5203d3521e3,1062,2742,5,7
83586,4adcda0ef964a520403521e3,https://foursquare.com/v/place-jeanne-darc/4adcda0ef964a520403521e3,204,925,1,2
83587,4adcda0ef964a520413521e3,https://foursquare.com/v/place-de-la-r%C3%A9union/4adcda0ef964a520413521e3,115,725,2,2
83596,4adcda0ef964a5204f3521e3,https://foursquare.com/v/mus%C3%A9e-national-picasso/4adcda0ef964a5204f3521e3,202,471,12,8
83601,4adcda0ff964a520623521e3,https://foursquare.com/v/mus%C3%A9e-guimet-mus%C3%A9e-national-des-arts-asiatiques/4adcda0ff964a520623521e3,744,1123,18,26
83609,4adcda10f964a520873521e3,https://foursquare.com/v/artcurial-paris-%C3%AEledefrance/4adcda10f964a520873521e3,557,886,14,7
83612,4adcda10f964a520923521e3,https://foursquare.com/v/fondation-henri-cartierbresson/4adcda10f964a520923521e3,409,897,14,15
83615,4adcda10f964a5209b3521e3,https://foursquare.com/v/mus%C3%A9e-national-du-moyen%C3%A2ge/4adcda10f964a5209b3521e3,1026,1339,32,28
83619,4adcda10f964a520bb3521e3,https://foursquare.com/v/cit%C3%A9-de-larchitecture-et-du-patrimoine/4adcda10f964a520bb3521e3,1302,1666,22,20
83720,4adcda16f964a520193821e3,https://foursquare.com/v/pelouse-de-reuilly/4adcda16f964a520193821e3,204,598,4,0
83756,4adcda21f964a520fe3921e3,https://foursquare.com/v/viaduc-des-arts/4adcda21f964a520fe3921e3,250,922,5,8
83765,4adcda22f964a520373a21e3,https://foursquare.com/v/%C3%A9glise-orthodoxe-serbe/4adcda22f964a520373a21e3,23,128,1,0
83768,4adcda22f964a5203d3a21e3,https://foursquare.com/v/salle-saint-bruno/4adcda22f964a5203d3a21e3,10,13,0,0
83792,4af30bd2f964a52017ea21e3,https://foursquare.com/v/chapelle-notredame-de-la-m%C3%A9daille-miraculeuse/4af30bd2f964a52017ea21e3,422,524,9,10
83797,4af3ffa0f964a520caef21e3,https://foursquare.com/v/place-gambetta/4af3ffa0f964a520caef21e3,1442,7177,6,10
83842,4b02f691f964a5207b4b22e3,https://foursquare.com/v/place-du-march%C3%A9-sainthonor%C3%A9/4b02f691f964a5207b4b22e3,2459,5432,21,27
83860,4b071505f964a520dcf622e3,https://foursquare.com/v/place-du-palais-royal/4b071505f964a520dcf622e3,2936,5165,11,22
83899,4b115ed4f964a520157b23e3,https://foursquare.com/v/place-des-abbesses/4b115ed4f964a520157b23e3,2351,5723,13,33
84033,4b291899f964a5209f9824e3,https://foursquare.com/v/place-de-l%C3%A9toile/4b291899f964a5209f9824e3,4008,9903,13,70
84045,4b2b184ff964a52060b424e3,https://foursquare.com/v/place-de-breteuil/4b2b184ff964a52060b424e3,607,2340,1,5
84071,4b2e27a0f964a5200add24e3,https://foursquare.com/v/basilique-sainteclotilde-paris-%C3%AEledefrance/4b2e27a0f964a5200add24e3,258,565,6,3
84128,4b3f3cbdf964a520d4a425e3,https://foursquare.com/v/place-saintfargeau/4b3f3cbdf964a520d4a425e3,209,1208,2,1
84133,4b3f87e1f964a52082a825e3,https://foursquare.com/v/%C3%A9glise-sainteustache/4b3f87e1f964a52082a825e3,1024,1442,18,10
84138,4b408661f964a520bbb825e3,https://foursquare.com/v/place-des-victoires/4b408661f964a520bbb825e3,838,2539,8,13
84187,4b4892d4f964a5209a4f26e3,https://foursquare.com/v/place-de-clichy-paris-%C3%AEledefrance/4b4892d4f964a5209a4f26e3,3557,12924,15,31
84192,4b48c67ff964a520705626e3,https://foursquare.com/v/cour-de-rome/4b48c67ff964a520705626e3,1017,2363,4,8
84196,4b49bbf0f964a520fa7226e3,https://foursquare.com/v/place-de-la-r%C3%A9publique/4b49bbf0f964a520fa7226e3,6948,20677,28,106
84197,4b49c699f964a520777326e3,https://foursquare.com/v/street-art--rue-d%C3%A9noyez/4b49c699f964a520777326e3,111,192,6,8
84235,4b4cd5eef964a520eac026e3,https://foursquare.com/v/espace-culturel-louis-vuitton-paris-%C3%AEledefrance/4b4cd5eef964a520eac026e3,787,1347,13,28
84301,4b530376f964a520958c27e3,https://foursquare.com/v/%C3%A9glise-saintnicolas-du-chardonnet/4b530376f964a520958c27e3,96,322,2,2
84453,4b600654f964a5208ed329e3,https://foursquare.com/v/place-cambronne/4b600654f964a5208ed329e3,896,3216,3,6
84563,4b68830ef964a520127d2be3,https://foursquare.com/v/paroisse-saint-fran%C3%A7ois-de-molitor/4b68830ef964a520127d2be3,13,17,0,0
84576,4b69cacdf964a52087b42be3,https://foursquare.com/v/au-coeur-des-batignolles/4b69cacdf964a52087b42be3,90,498,0,2
84593,4b6af5d6f964a5200ee92be3,https://foursquare.com/v/institut-su%C3%A9dois--svenska-institutet-i-paris/4b6af5d6f964a5200ee92be3,709,1290,16,28
84631,4b6d8ff1f964a520c87c2ce3,https://foursquare.com/v/square-boucicaut/4b6d8ff1f964a520c87c2ce3,554,1139,1,4
84632,4b6d9095f964a520e37c2ce3,https://foursquare.com/v/place-de-la-madeleine/4b6d9095f964a520e37c2ce3,4521,10292,11,42
84672,4b70630df964a52021172de3,https://foursquare.com/v/porte-dauteuil/4b70630df964a52021172de3,1077,4422,5,4
84673,4b706324f964a52026172de3,https://foursquare.com/v/porte-molitor/4b706324f964a52026172de3,199,718,0,0
84719,4b744901f964a52090d22de3,https://foursquare.com/v/porte-de-la-muette/4b744901f964a52090d22de3,455,1136,2,2
84772,4b78416bf964a520f5bf2ee3,https://foursquare.com/v/%C3%A9glise-saint-%C3%A9loi/4b78416bf964a520f5bf2ee3,26,37,0,0
84851,4b7d977ef964a5209fc82fe3,https://foursquare.com/v/place-du-ch%C3%A2telet/4b7d977ef964a5209fc82fe3,3489,6134,14,34
84857,4b7e3eb1f964a5201ae72fe3,https://foursquare.com/v/pont-de-lalma/4b7e3eb1f964a5201ae72fe3,2574,5824,12,16
84951,4b86b7c8f964a520679831e3,https://foursquare.com/v/place-victor-et-h%C3%A9l%C3%A8ne-basch/4b86b7c8f964a520679831e3,546,3317,4,5
84982,4b89596ef964a520dd2d32e3,https://foursquare.com/v/march%C3%A9-saintpierre-paris-%C3%AEledefrance/4b89596ef964a520dd2d32e3,839,1620,8,3
85044,4b8f8192f964a5207a5633e3,https://foursquare.com/v/place-des-vins-de-france/4b8f8192f964a5207a5633e3,173,386,2,1
85084,4b9319e1f964a5201a3534e3,https://foursquare.com/v/place-de-mexico/4b9319e1f964a5201a3534e3,461,1493,3,10
85088,4b939e13f964a5206d4a34e3,https://foursquare.com/v/square-saintm%C3%A9dard/4b939e13f964a5206d4a34e3,331,676,2,3
85091,4b93c3c6f964a5207c5034e3,https://foursquare.com/v/pavillon-de-larsenal-paris-%C3%AEledefrance/4b93c3c6f964a5207c5034e3,504,860,7,11
85122,4b9756d9f964a520230035e3,https://foursquare.com/v/place-%C3%A9dith-piaf/4b9756d9f964a520230035e3,372,1631,3,5
85170,4b9a9ab7f964a5209cc535e3,https://foursquare.com/v/porte-de-montreuil/4b9a9ab7f964a5209cc535e3,795,2830,1,5
85185,4b9bb30ff964a520661b36e3,https://foursquare.com/v/place-du-commerce/4b9bb30ff964a520661b36e3,619,1989,1,6
85203,4b9cf7c9f964a520628536e3,https://foursquare.com/v/la-maison-demile-zola/4b9cf7c9f964a520628536e3,11,18,0,0
85204,4b9d1a10f964a520b78f36e3,https://foursquare.com/v/square-des-saint-simoniens/4b9d1a10f964a520b78f36e3,82,162,1,1
85205,4b9d1b8ff964a520539036e3,https://foursquare.com/v/trinity-church/4b9d1b8ff964a520539036e3,16,38,1,0
85253,4ba0d8a8f964a520d58137e3,https://foursquare.com/v/place-octave-chanute/4ba0d8a8f964a520d58137e3,11,131,0,0
85273,4ba29193f964a5201e0538e3,https://foursquare.com/v/passerelle-l%C3%A9opolds%C3%A9darsenghor/4ba29193f964a5201e0538e3,809,1117,8,9
85294,4ba3fec3f964a5209b7538e3,https://foursquare.com/v/place-vauban/4ba3fec3f964a5209b7538e3,400,991,3,3
85301,4ba4e779f964a52036c138e3,https://foursquare.com/v/square-alboni/4ba4e779f964a52036c138e3,49,102,1,3
85319,4ba62686f964a5204f3739e3,https://foursquare.com/v/temple-de-ganesh/4ba62686f964a5204f3739e3,100,273,0,2
85345,4ba8b650f964a520f5e839e3,https://foursquare.com/v/jardin-du-palais-royal/4ba8b650f964a520f5e839e3,2686,5306,29,62
85400,4bacfab6f964a520b5203be3,https://foursquare.com/v/place-victor-hugo/4bacfab6f964a520b5203be3,1523,5626,4,12
85403,4bad0a5bf964a52075273be3,https://foursquare.com/v/%C3%A9glise-saintemarguerite/4bad0a5bf964a52075273be3,24,58,1,0
85417,4bae2c6df964a5209d8d3be3,https://foursquare.com/v/tombe-de-jim-morrison/4bae2c6df964a5209d8d3be3,1129,1783,14,14
85533,4bb9c2421261d13aaacfe998,https://foursquare.com/v/jardin-du-pr%C3%A9-catelan/4bb9c2421261d13aaacfe998,160,243,2,2
85536,4bb9d0021261d13a40dbe998,https://foursquare.com/v/tombe-dedith-piaf/4bb9d0021261d13a40dbe998,145,255,1,3
85537,4bb9d6d9b35776b0c82fca01,https://foursquare.com/v/tombe-doscar-wilde/4bb9d6d9b35776b0c82fca01,304,382,6,8
85578,4bbd74e4a8cf76b08fdfb1fd,https://foursquare.com/v/porte-de-bagnolet/4bbd74e4a8cf76b08fdfb1fd,346,788,0,0
85607,4bbf4a94ba9776b03ed4fec8,https://foursquare.com/v/promenade-p%C3%A9reire/4bbf4a94ba9776b03ed4fec8,186,597,2,3
85628,4bc07f772a89ef3b2a91f088,https://foursquare.com/v/place-de-la-contrescarpe/4bc07f772a89ef3b2a91f088,1629,3658,14,30
85631,4bc0914574a9a593eb31d0f6,https://foursquare.com/v/square-de-la-baleine/4bc0914574a9a593eb31d0f6,60,481,1,1
85632,4bc099332a89ef3bafbaf088,https://foursquare.com/v/temple-kagyu-dzong/4bc099332a89ef3bafbaf088,38,46,1,0
85644,4bc17103f8219c74e37bb310,https://foursquare.com/v/eglise-saintcharles/4bc17103f8219c74e37bb310,5,5,0,0
85659,4bc2fa1dabf495213e19c393,https://foursquare.com/v/place-franz-liszt/4bc2fa1dabf495213e19c393,388,1165,4,9
85660,4bc2ff80461576b0e8007e32,https://foursquare.com/v/place-de-lalma-paris-%C3%AEledefrance/4bc2ff80461576b0e8007e32,1005,2779,1,11
85686,4bc4f5765e0ab71397c045eb,https://foursquare.com/v/place-jacques-froment/4bc4f5765e0ab71397c045eb,108,846,1,0
85724,4bc8462aaf07a5935f87802d,https://foursquare.com/v/place-de-lod%C3%A9on-paris-%C3%AEledefrance/4bc8462aaf07a5935f87802d,533,1284,1,3
85797,4bcae3ec937ca593289aa892,https://foursquare.com/v/pont-de-birhakeim/4bcae3ec937ca593289aa892,1795,4021,9,15
85804,4bcb06eefb84c9b668051e3e,https://foursquare.com/v/square-martin-nadaud/4bcb06eefb84c9b668051e3e,111,421,1,1
85813,4bcc1fbf68f976b0d41e6283,https://foursquare.com/v/porte-de-gentilly/4bcc1fbf68f976b0d41e6283,247,718,1,0
85819,4bcc722ecc8cd13a01e3c0cf,https://foursquare.com/v/place-des-ternes/4bcc722ecc8cd13a01e3c0cf,1597,6791,4,16
85868,4bcff75541b9ef3b5563f9e5,https://foursquare.com/v/place-saintferdinand/4bcff75541b9ef3b5563f9e5,421,2356,1,5
85878,4bd0684b046076b0bbdb6f71,https://foursquare.com/v/jardins-du-carrousel/4bd0684b046076b0bbdb6f71,2037,2635,7,15
85885,4bd097ef9854d13a6208f84d,https://foursquare.com/v/%C3%A9glise-saintjosephdesnations-paris-%C3%AEledefrance/4bd097ef9854d13a6208f84d,65,220,0,0
85905,4bd1d03d462cb71366e8da07,https://foursquare.com/v/pont-de-la-tournelle-paris-%C3%AEledefrance/4bd1d03d462cb71366e8da07,424,671,3,6
85906,4bd1d6a841b9ef3b2ab5fce5,https://foursquare.com/v/%C3%A9glise-saintnicolasdeschamps/4bd1d6a841b9ef3b2ab5fce5,110,165,0,1
85907,4bd1daed046076b0dea47271,https://foursquare.com/v/jardin-des-grands-explorateurs-marco-polo-et-cavelierdelasalle/4bd1daed046076b0dea47271,470,779,3,5
85918,4bd2ecc09854d13a027efc4d,https://foursquare.com/v/jardin-du-carr%C3%A9-baudouin/4bd2ecc09854d13a027efc4d,40,182,0,0
85935,4bd43d5577b29c7402469282,https://foursquare.com/v/pont-saintlouis/4bd43d5577b29c7402469282,1028,1369,5,9
85938,4bd4763f29eb9c74529a91e1,https://foursquare.com/v/lespace-des-blancsmanteaux/4bd4763f29eb9c74529a91e1,787,1219,1,7
85939,4bd47c787b1876b0ff188986,https://foursquare.com/v/place-de-la-bataille-de-stalingrad/4bd47c787b1876b0ff188986,874,2582,7,6
85984,4bd7e03be914a593002652fa,https://foursquare.com/v/place-saintgeorges/4bd7e03be914a593002652fa,718,2354,7,10
86019,4bdad66f5f34b71352013679,https://foursquare.com/v/ladresse--mus%C3%A9e-de-la-poste/4bdad66f5f34b71352013679,398,726,9,10
86025,4bdb1b083904a593a4c8489e,https://foursquare.com/v/paroisse-notre-dame-de-grace-de-passy-paris-%C3%AEledefrance/4bdb1b083904a593a4c8489e,61,178,0,0
86040,4bdd3271f219c9b624321210,https://foursquare.com/v/galerie-de-pal%C3%A9ontologie-et-danatomie-compar%C3%A9e/4bdd3271f219c9b624321210,772,1017,9,14
86051,4bdeb2580d69b7138ffe65d3,https://foursquare.com/v/passage-denfer/4bdeb2580d69b7138ffe65d3,65,231,1,3
86064,4bdfd2b2e75c0f47736acc03,https://foursquare.com/v/place-des-grandes-rigoles/4bdfd2b2e75c0f47736acc03,88,266,1,0
86066,4bdfdba3ffdec9283e50eda1,https://foursquare.com/v/notre-dame-de-bon-conseil/4bdfdba3ffdec9283e50eda1,73,202,1,0
86078,4be1266ba7380f47ab6419b0,https://foursquare.com/v/la-maison-verte/4be1266ba7380f47ab6419b0,26,80,0,1
86085,4be194c98dd062b5b6613e3c,https://foursquare.com/v/h%C3%B4tel-de-sully/4be194c98dd062b5b6613e3c,496,1096,7,11
86115,4be467d32457a5934d2faa15,https://foursquare.com/v/place-maubert-paris-%C3%AEledefrance/4be467d32457a5934d2faa15,795,3405,5,4
86134,4be69641d4f7c9b61ce42620,https://foursquare.com/v/moitie/4be69641d4f7c9b61ce42620,6,20,0,0
86135,4be6ae452457a5938409ad15,https://foursquare.com/v/%C3%A9glise-notredamedauteuil/4be6ae452457a5938409ad15,220,437,1,1
86152,4be91604ee96c9286acefebf,https://foursquare.com/v/porte-dorl%C3%A9ans/4be91604ee96c9286acefebf,2169,7679,12,12
86158,4be980189a54a59364230b11,https://foursquare.com/v/fontaine-des-innocents-paris-%C3%AEledefrance/4be980189a54a59364230b11,1860,3004,7,15
86168,4bea8d9ba9900f4772981640,https://foursquare.com/v/chapelle-sainte-th%C3%A9r%C3%A8se/4bea8d9ba9900f4772981640,24,37,0,0
86184,4bebb7e5b3352d7f12cb56d2,https://foursquare.com/v/porte-de-vincennes-paris-%C3%AEledefrance/4bebb7e5b3352d7f12cb56d2,562,1170,2,3
86189,4bec26a7b3352d7f9d4b57d2,https://foursquare.com/v/place-saintaugustin/4bec26a7b3352d7f9d4b57d2,1174,3320,5,9
86199,4bed798d6e8c20a12e667061,https://foursquare.com/v/%C3%A9glise-saintferdinanddesternes/4bed798d6e8c20a12e667061,131,409,1,1
86207,4bee8e57e8c3c9281ccc9892,https://foursquare.com/v/carrefour-num%C3%A9rique/4bee8e57e8c3c9281ccc9892,87,240,1,1
86213,4beefdf0ea570f4714bc8ed2,https://foursquare.com/v/cour-dhonneur-des-invalides/4beefdf0ea570f4714bc8ed2,788,981,3,4
86241,4bf2c8d882002d7f08f5d0bb,https://foursquare.com/v/carrefour-de-lod%C3%A9on/4bf2c8d882002d7f08f5d0bb,1521,3338,5,7
86245,4bf3cf4f6a31d13a77f9942e,https://foursquare.com/v/pont-de-sully/4bf3cf4f6a31d13a77f9942e,795,1348,4,4
86248,4bf41231e5eba59334341f90,https://foursquare.com/v/place-de-lh%C3%B4tel-de-ville--esplanade-de-la-lib%C3%A9ration/4bf41231e5eba59334341f90,6574,13049,27,89
86301,4bf8ff945317a59303a7007f,https://foursquare.com/v/basilique-notredamedesvictoires/4bf8ff945317a59303a7007f,341,380,3,11
86303,4bf926b94a67c928b86326cf,https://foursquare.com/v/la-falu%C3%A8re/4bf926b94a67c928b86326cf,8,10,0,0
86304,4bf92c75508c0f472f143f31,https://foursquare.com/v/pont-charles-de-gaulle/4bf92c75508c0f472f143f31,618,1998,5,2
86305,4bf92d2a5efe2d7fe1c86b34,https://foursquare.com/v/jardins-pereire/4bf92d2a5efe2d7fe1c86b34,73,355,0,0
86310,4bf981b15317a593a965017f,https://foursquare.com/v/place-sainte-marthe/4bf981b15317a593a965017f,370,1736,1,7
86311,4bfa45ef5ec320a1ce668bd3,https://foursquare.com/v/square-carpeaux/4bfa45ef5ec320a1ce668bd3,167,1017,3,2
86317,4bfa8529b182c9b680677a5a,https://foursquare.com/v/pont-de-la-concorde/4bfa8529b182c9b680677a5a,1232,1884,4,13
86331,4bfc0e92e9d8c92804f8b1c7,https://foursquare.com/v/place-sainteopportune/4bfc0e92e9d8c92804f8b1c7,1083,2996,5,6
86357,4c00046cc30a2d7fbeda111d,https://foursquare.com/v/parvis-de-notredame/4c00046cc30a2d7fbeda111d,3927,5111,21,73
86363,4c00f964ad46c9b6c33a9066,https://foursquare.com/v/place-du-mar%C3%A9chal-juin/4c00f964ad46c9b6c33a9066,667,3116,0,2
86371,4c02add6187ec928cc8eb47b,https://foursquare.com/v/porte-de-saintouen/4c02add6187ec928cc8eb47b,561,1876,2,1
86383,4c04b56e73a8c9b65c7496e0,https://foursquare.com/v/place-martin-nadaud/4c04b56e73a8c9b65c7496e0,117,608,1,0
86402,4c07926bcf8c76b05d273c65,https://foursquare.com/v/les-jardins-de-roland-garros/4c07926bcf8c76b05d273c65,39,231,2,0
86414,4c08f9cf6071a5933b09dd32,https://foursquare.com/v/fondation-louis-vuitton-chantier/4c08f9cf6071a5933b09dd32,93,347,3,3
86417,4c09590332daef3beb734b50,https://foursquare.com/v/mur-de-la-paix/4c09590332daef3beb734b50,759,1070,5,6
86433,4c0bdb5f7e3fc92886e2f582,https://foursquare.com/v/%C3%A9glise-notredamedeschamps-paris-%C3%AEledefrance/4c0bdb5f7e3fc92886e2f582,144,235,0,4
86441,4c0d5e02c700c9b69f4ca2dd,https://foursquare.com/v/porte-de-vanves/4c0d5e02c700c9b69f4ca2dd,94,140,0,0
86456,4c0f37d898102d7f45f7e406,https://foursquare.com/v/place-du-18-juin-1940/4c0f37d898102d7f45f7e406,856,2344,2,4
86465,4c1134176b7e2d7f7fe12835,https://foursquare.com/v/temple-protestant-de-loratoire-du-louvre/4c1134176b7e2d7f7fe12835,148,237,2,5
86479,4c153e63a9c220a10ad8589d,https://foursquare.com/v/la-chapelle-sainte-rita/4c153e63a9c220a10ad8589d,17,63,0,1
86480,4c15478db7b9c928e8b5ac37,https://foursquare.com/v/place-de-la-chapelle/4c15478db7b9c928e8b5ac37,570,1196,0,1
86482,4c1603b2a1010f4739cb4e18,https://foursquare.com/v/square-de-clignancourt/4c1603b2a1010f4739cb4e18,205,1062,5,3
86496,4c1860c54ff90f47ed640e49,https://foursquare.com/v/porte-chaumont/4c1860c54ff90f47ed640e49,77,369,0,0
86498,4c18af3c838020a1a376e461,https://foursquare.com/v/square-rodin/4c18af3c838020a1a376e461,71,338,0,1
86517,4c1cd616b306c9284a7064b7,https://foursquare.com/v/rue-du-pot-de-fer/4c1cd616b306c9284a7064b7,188,395,6,2
86519,4c1d0c1463750f47638db767,https://foursquare.com/v/place-l%C3%A9on-blum/4c1d0c1463750f47638db767,812,4071,1,10
86520,4c1d0d2bb4e62d7f450fdc93,https://foursquare.com/v/eglise-armenienne-du-marais-paris-iledefrance/4c1d0d2bb4e62d7f450fdc93,25,39,0,0
86522,4c1defc6eac020a121f748c2,https://foursquare.com/v/place-jules-joffrin/4c1defc6eac020a121f748c2,687,3208,4,3
86525,4c1e17628b3aa59325819b5f,https://foursquare.com/v/%C3%A9glise-saintjacquessaintchristophe-de-la-villette/4c1e17628b3aa59325819b5f,16,22,0,0
86526,4c1e2517eac020a1e83449c2,https://foursquare.com/v/place-de-rhin-et-danube/4c1e2517eac020a1e83449c2,63,706,1,3
86565,4c25d8025c5ca593891045fe,https://foursquare.com/v/place-flora-tristan-paris-%C3%AEledefrance/4c25d8025c5ca593891045fe,108,529,2,4
86576,4c278830f1272d7fdb5088c5,https://foursquare.com/v/place-de-la-porte-de-saintcloud/4c278830f1272d7fdb5088c5,1830,6966,10,9
86597,4c2c4a6f8abca59379850120,https://foursquare.com/v/place-wagram/4c2c4a6f8abca59379850120,453,2412,5,6
86617,4c30a94a16adc928d36ebf9c,https://foursquare.com/v/laurelines-garden/4c30a94a16adc928d36ebf9c,9,215,1,1
86627,4c325ed8452620a17d02220f,https://foursquare.com/v/place-di%C3%A9na/4c325ed8452620a17d02220f,342,846,2,3
86631,4c33288866e40f474c7fc78b,https://foursquare.com/v/place-dalida/4c33288866e40f474c7fc78b,353,575,6,4
86639,4c3458e866e40f47f954c98b,https://foursquare.com/v/porte-de-la-villette/4c3458e866e40f47f954c98b,620,1528,0,3
86652,4c364e3fdfb0e21e69d7aaa8,https://foursquare.com/v/escaliers-de-lamarckcaulaincourt/4c364e3fdfb0e21e69d7aaa8,410,1700,1,11
86659,4c3874fa0a71c9b6e79f40c9,https://foursquare.com/v/jardin-serge-gainsbourg/4c3874fa0a71c9b6e79f40c9,94,365,2,1
86663,4c39c7ecdfb0e21ea5f0b0a8,https://foursquare.com/v/place-du-docteur-f%C3%A9lix-lobligeois/4c39c7ecdfb0e21ea5f0b0a8,161,433,1,0
86665,4c39cf32dfb0e21efcfab0a8,https://foursquare.com/v/%C3%A9glise-saintpaul-saintlouis/4c39cf32dfb0e21efcfab0a8,425,573,4,4
86691,4c3f6eeece54e21eb60b081a,https://foursquare.com/v/pont-di%C3%A9na/4c3f6eeece54e21eb60b081a,949,1298,2,9
86699,4c40ed7bd691c9b6a9ff8b0a,https://foursquare.com/v/place-f%C3%A9lix-ebou%C3%A9/4c40ed7bd691c9b6a9ff8b0a,639,3920,7,12
86711,4c4338d4cc410f4787e0ad61,https://foursquare.com/v/place-jacques-bonsergent/4c4338d4cc410f4787e0ad61,392,2156,3,2
86724,4c45e3e1f1b5c9b639e777ef,https://foursquare.com/v/pont-qui-bouge/4c45e3e1f1b5c9b639e777ef,104,531,2,0
86743,4c48b08931e41b8dbbf35035,https://foursquare.com/v/%C3%A9glise-saintgervais-saintprotais/4c48b08931e41b8dbbf35035,160,217,0,3
86780,4c52fae82543a593e7c33886,https://foursquare.com/v/square-henri-collet/4c52fae82543a593e7c33886,48,112,1,2
86789,4c55ab624623be9ad053ddf4,https://foursquare.com/v/rue-mallet-stevens/4c55ab624623be9ad053ddf4,22,57,1,0
86792,4c5631f77329c92878428c80,https://foursquare.com/v/banc-public/4c5631f77329c92878428c80,5,18,1,0
86804,4c5886132308be9a4da95b6c,https://foursquare.com/v/%C3%A9glise-notredamedebonnenouvelle/4c5886132308be9a4da95b6c,131,441,0,2
86826,4c5ec31485a1e21eadf35c11,https://foursquare.com/v/frac-%C3%AEledefrance--le-plateau/4c5ec31485a1e21eadf35c11,105,138,1,2
86848,4c6685dc8e9120a1e115d864,https://foursquare.com/v/place-de-barcelone/4c6685dc8e9120a1e115d864,101,477,0,3
86849,4c66a5a58e9120a1ac65d864,https://foursquare.com/v/%C3%A9glise-notredamedutravail/4c66a5a58e9120a1ac65d864,85,192,1,0
86867,4c6b49e4e13db60ce815d4b1,https://foursquare.com/v/porte-de-champerret/4c6b49e4e13db60ce815d4b1,1052,4065,2,3
86884,4c6f13e6f52cb7132c7ba7af,https://foursquare.com/v/leglise-notredame-de-consolation/4c6f13e6f52cb7132c7ba7af,34,58,0,2
86888,4c7046b2d274b60c7a3ad90d,https://foursquare.com/v/cath%C3%A9drale-saintalexandrenevsky/4c7046b2d274b60c7a3ad90d,160,236,2,5
86897,4c73ca4a0e23b1f7cd3d21dc,https://foursquare.com/v/pelouse-aux-lions/4c73ca4a0e23b1f7cd3d21dc,11,29,0,0
86911,4c76a76d3adda1431fb00aaf,https://foursquare.com/v/place-des-antilles/4c76a76d3adda1431fb00aaf,264,829,0,0
86929,4c79630c794e224b0c4e6528,https://foursquare.com/v/place-de-varsovie/4c79630c794e224b0c4e6528,316,613,0,3
86934,4c7a1a163badb1f7dd595154,https://foursquare.com/v/square-de-la-madone/4c7a1a163badb1f7dd595154,89,358,1,4
86952,4c7d88723b22a1cdb8415f9e,https://foursquare.com/v/place-de-la-convention/4c7d88723b22a1cdb8415f9e,1010,4228,4,8
86955,4c7e0c18d6543704162bc2a2,https://foursquare.com/v/porte-de-pantin/4c7e0c18d6543704162bc2a2,183,389,2,2
86957,4c7e29f010916dcb9c682b96,https://foursquare.com/v/american-cathedral-in-paris/4c7e29f010916dcb9c682b96,120,318,1,2
86963,4c7f977fe4b06dcbd36747d7,https://foursquare.com/v/mus%C3%A9e-national-du-sport/4c7f977fe4b06dcbd36747d7,52,189,1,1
86973,4c80c8d9d8086dcbd37b6652,https://foursquare.com/v/porte-dasni%C3%A8res/4c80c8d9d8086dcbd37b6652,714,2505,2,1
86975,4c8125b3d4e2370499d85a88,https://foursquare.com/v/jardin-des-invalides/4c8125b3d4e2370499d85a88,1027,1377,10,16
86977,4c8147a3e602b1f7d649917a,https://foursquare.com/v/jardin-de-la-cit%C3%A9-prost-paris-%C3%AEledefrance/4c8147a3e602b1f7d649917a,66,211,2,2
86984,4c822ebe51ada1cd3fad1910,https://foursquare.com/v/place-raoul-dautry/4c822ebe51ada1cd3fad1910,273,948,1,1
86987,4c827cfc2f1c236a94cc3943,https://foursquare.com/v/place-georges-pompidou/4c827cfc2f1c236a94cc3943,3695,5831,19,43
86989,4c836750d4e2370445a77088,https://foursquare.com/v/square-van-vollenhoven/4c836750d4e2370445a77088,20,185,1,0
87014,4c87af20d8086dcbfd2ba452,https://foursquare.com/v/%C3%A9glise-saints%C3%A9verin/4c87af20d8086dcbfd2ba452,452,579,8,7
87026,4c8a4207a92fa093fe7e8fbf,https://foursquare.com/v/rondpoint-des-champs%C3%A9lys%C3%A9es--marcel-dassault/4c8a4207a92fa093fe7e8fbf,3672,6405,3,17
87047,4c8e724c9c1ebfb7d18367d2,https://foursquare.com/v/square-alberto-giacometti/4c8e724c9c1ebfb7d18367d2,55,268,0,0
87052,4c90cc877f3b8cfa800b971e,https://foursquare.com/v/cimeti%C3%A8re-de-passy/4c90cc877f3b8cfa800b971e,74,95,0,0
87081,4c94e77194a0236a3bd19012,https://foursquare.com/v/place-rodin/4c94e77194a0236a3bd19012,69,587,1,0
87102,4c979be06b35a1431e9437dc,https://foursquare.com/v/place-pinel/4c979be06b35a1431e9437dc,163,1074,1,4
87105,4c985cc007916dcbd69feb1b,https://foursquare.com/v/porte-saintmartin/4c985cc007916dcbd69feb1b,659,1865,5,12
87125,4c9b3a2878fc236a9bef3b97,https://foursquare.com/v/porte-daubervilliers/4c9b3a2878fc236a9bef3b97,290,992,1,0
87141,4c9e1dcd542b224b2a95f09f,https://foursquare.com/v/pont-de-grenelle/4c9e1dcd542b224b2a95f09f,281,524,4,2
87171,4ca4910ea73cb60c99202278,https://foursquare.com/v/porte-dor%C3%A9e-paris-%C3%AEledefrance/4ca4910ea73cb60c99202278,267,521,1,1
87174,4ca4b465d5a2a1434dee5390,https://foursquare.com/v/parc-de-passy/4ca4b465d5a2a1434dee5390,183,379,2,0
87189,4ca7379eb7106dcbc97465a5,https://foursquare.com/v/place-balard/4ca7379eb7106dcbc97465a5,343,1243,0,2
87194,4ca8674176d3a0936860156b,https://foursquare.com/v/%C3%A9glise-saint%C3%A9tiennedumont/4ca8674176d3a0936860156b,393,438,6,7
87230,4cb114a2dd619c74e6ffe390,https://foursquare.com/v/statue-dartagnan/4cb114a2dd619c74e6ffe390,115,805,2,0
87231,4cb19905562d224b77242088,https://foursquare.com/v/%C3%A9glise-notredame-de-la-croix/4cb19905562d224b77242088,118,306,3,4
87261,4cbc4e56d78f4688815ac773,https://foursquare.com/v/place-saintsulpice/4cbc4e56d78f4688815ac773,2086,4335,9,29
87277,4cc01a28a0c4f04da09d5831,https://foursquare.com/v/esplanade-du-9-novembre-1989-paris-%C3%AEledefrance/4cc01a28a0c4f04da09d5831,29,82,0,0
87297,4cc32382c844721e0e26e101,https://foursquare.com/v/daso-paris-iledefrance/4cc32382c844721e0e26e101,11,26,0,0
87319,4cc9cc1a5c17b60c365a0b05,https://foursquare.com/v/%C3%A9glise-sainte%C3%A9lisabethdehongrie/4cc9cc1a5c17b60c365a0b05,52,120,1,0
87328,4ccd8494ba0a5481fbc14359,https://foursquare.com/v/pont-tournant-de-la-grange-aux-belles/4ccd8494ba0a5481fbc14359,398,1601,5,8
87332,4cce8d242dc43704e61cd508,https://foursquare.com/v/%C3%A9glise-saintjean-de-montmartre/4cce8d242dc43704e61cd508,223,245,0,2
87333,4cce8e70294aef3bbba286e2,https://foursquare.com/v/hillsong-paris-paris-france/4cce8e70294aef3bbba286e2,38,63,1,2
87381,4cdecf8569136dcb12cbd8e6,https://foursquare.com/v/place-adolphe-ch%C3%A9rioux/4cdecf8569136dcb12cbd8e6,303,1244,3,1
87384,4ce114fadb125481f9d83fce,https://foursquare.com/v/porte-ditalie/4ce114fadb125481f9d83fce,965,3416,6,4
87406,4ce825ad948f224b579bee5d,https://foursquare.com/v/%C3%A9glise-saint-julien-le-pauvre/4ce825ad948f224b579bee5d,178,224,3,2
87407,4ce8ec16fe90a35dadc4450e,https://foursquare.com/v/eglise-saintignace/4ce8ec16fe90a35dadc4450e,13,29,1,0
87408,4ce9577ff3bda1436f5bbfe4,https://foursquare.com/v/%C3%A9glise-saintjeanbaptistedelasalle/4ce9577ff3bda1436f5bbfe4,32,107,2,0
87433,4cf23d93e3b9a09317794353,https://foursquare.com/v/le-jardin-de-bagnolet/4cf23d93e3b9a09317794353,8,32,1,0
87450,4cfbd202d7206ea896db4069,https://foursquare.com/v/chapelle-notre-dame/4cfbd202d7206ea896db4069,143,146,1,2
87466,4d00e3e92685a35d762bcb90,https://foursquare.com/v/cr%C3%A9matorium-du-p%C3%A8re-lachaise/4d00e3e92685a35d762bcb90,138,157,0,0
87469,4d0161aa94c5b1f7b07c51de,https://foursquare.com/v/square-jan-doornik/4d0161aa94c5b1f7b07c51de,24,87,0,0
87477,4d0285ffc2e53704d298ab67,https://foursquare.com/v/%C3%A9glise-saintambroise/4d0285ffc2e53704d298ab67,248,470,0,3
87483,4d04d664347da1cd5ae32d8f,https://foursquare.com/v/%C3%A9glise-du-saintesprit/4d04d664347da1cd5ae32d8f,48,198,3,0
87533,4d19a071302da1cd859bcb93,https://foursquare.com/v/place-henri-frenay/4d19a071302da1cd859bcb93,165,671,2,2
87570,4d285cb3888af04da7ecc4af,https://foursquare.com/v/%C3%A9glise-saintbernard-de-la-chapelle/4d285cb3888af04da7ecc4af,48,71,1,0
87618,4d3744ed4d8a6dcb7816693f,https://foursquare.com/v/%C3%A9glise-saintvincentdepaul/4d3744ed4d8a6dcb7816693f,217,388,0,1
87632,4d3c0ce96b3d236a3ca35d64,https://foursquare.com/v/paroisse-notredame-du-liban/4d3c0ce96b3d236a3ca35d64,28,34,0,1
87634,4d3d388c44f5a093ac35d3bb,https://foursquare.com/v/%C3%A9glise-saintejeannedechantal/4d3d388c44f5a093ac35d3bb,21,45,0,0
87677,4d4c2692fe85a1cd60269abf,https://foursquare.com/v/parc-de-la-folietiton-paris-iledefrance/4d4c2692fe85a1cd60269abf,132,325,1,2
87690,4d4ec72f8975a35d2e2312a8,https://foursquare.com/v/square-robert-schuman/4d4ec72f8975a35d2e2312a8,51,117,0,0
87708,4d54348ef5daa0938b286f74,https://foursquare.com/v/pont-dausterlitz/4d54348ef5daa0938b286f74,835,1850,0,5
87712,4d56a4b2fb65236a4d1a08b4,https://foursquare.com/v/chapelle-saint-vincent-de-paul/4d56a4b2fb65236a4d1a08b4,38,90,2,0
87716,4d57f5a9afe4b60c04dd4a61,https://foursquare.com/v/pont-de-larchev%C3%AAch%C3%A9/4d57f5a9afe4b60c04dd4a61,1130,1510,10,19
87794,4d712b78ad9cb60c0ddf21d3,https://foursquare.com/v/%C3%A9glise-saintleu-saintgilles/4d712b78ad9cb60c0ddf21d3,60,349,0,2
87798,4d72013a8e12b1f714a63405,https://foursquare.com/v/place-de-leurope/4d72013a8e12b1f714a63405,431,2030,3,1
87802,4d72a829ff6ba35d21d6718a,https://foursquare.com/v/%C3%A9glise-saintdenys-de-la-chapelle/4d72a829ff6ba35d21d6718a,13,14,1,0
87804,4d750dd8949854817cf7317e,https://foursquare.com/v/%C3%A9glise-notredamedelanativit%C3%A9-de-bercy/4d750dd8949854817cf7317e,17,40,1,1
87811,4d76435a6c22b60c68cfe5d6,https://foursquare.com/v/jardin-dalleray/4d76435a6c22b60c68cfe5d6,25,86,2,0
87822,4d79d254c307a35d46fc4a31,https://foursquare.com/v/pont-national/4d79d254c307a35d46fc4a31,49,79,1,0
87858,4d7fb74387003704cc878a99,https://foursquare.com/v/place-des-pyramides/4d7fb74387003704cc878a99,1052,1543,6,10
87863,4d810541551ea1cd5d8025c5,https://foursquare.com/v/galerie-itinerrance/4d810541551ea1cd5d8025c5,26,28,1,0
87889,4d86188d5ad3a093cde5f1fd,https://foursquare.com/v/place-du-g%C3%A9n%C3%A9ral-catroux/4d86188d5ad3a093cde5f1fd,202,910,1,0
87890,4d8624d27e8ef04dac972ebe,https://foursquare.com/v/pont-levant/4d8624d27e8ef04dac972ebe,259,1175,0,3
87891,4d86256ce83fa143ba5f89a1,https://foursquare.com/v/jardin-rachmaninov/4d86256ce83fa143ba5f89a1,20,64,1,2
87899,4d875179f9f3a1cd6137f064,https://foursquare.com/v/esplanade-saint-louis/4d875179f9f3a1cd6137f064,3,3,0,0
87903,4d88676c99c2a1cdcd0666d7,https://foursquare.com/v/place-du-palais-bourbon/4d88676c99c2a1cdcd0666d7,308,867,2,4
87906,4d88c01f7d4c548135a54571,https://foursquare.com/v/jardin-d%C3%A9ole-paris-%C3%AEledefrance/4d88c01f7d4c548135a54571,206,948,10,5
87913,4d89e12bd85f3704bd62f0db,https://foursquare.com/v/notredame-de-larche-dalliance/4d89e12bd85f3704bd62f0db,11,15,0,0
87917,4d8a101e99c2a1cd8c2488d7,https://foursquare.com/v/place-des-f%C3%AAtes/4d8a101e99c2a1cd8c2488d7,386,1506,0,2
87941,4d8d8da1cb9b224b98cc6f41,https://foursquare.com/v/place-de-la-porte-de-versailles/4d8d8da1cb9b224b98cc6f41,1171,3158,13,6
87952,4d8f849cc1b1721ea7624846,https://foursquare.com/v/%C3%A9glise-saintmerry/4d8f849cc1b1721ea7624846,193,277,2,4
87959,4d90fb9cca75b60ca2bf33a9,https://foursquare.com/v/pont-de-tolbiac/4d90fb9cca75b60ca2bf33a9,157,304,2,1
87960,4d910438cb9b224bf0c1bc41,https://foursquare.com/v/pont-de-bercy/4d910438cb9b224bf0c1bc41,701,1657,2,6
87963,4d91e012939e5481f326d69e,https://foursquare.com/v/pont-de-caulaincourt/4d91e012939e5481f326d69e,162,841,1,1
87987,4d972fb20caaa143bde98ab3,https://foursquare.com/v/square-carnot/4d972fb20caaa143bde98ab3,31,58,0,0
88012,4d9dbf0ea1ec8cfaaf910a4a,https://foursquare.com/v/jardin-yitzhak-rabin/4d9dbf0ea1ec8cfaaf910a4a,142,240,4,2
88051,4da5d99e93a01f42facf4bf5,https://foursquare.com/v/le-mur-des-je-taime/4da5d99e93a01f42facf4bf5,462,584,9,18
88052,4da5df284b2280544b665f4f,https://foursquare.com/v/place-du-g%C3%A9n%C3%A9ral-beuret/4da5df284b2280544b665f4f,95,198,0,0
88074,4dad2df54b22ee6dec14c61a,https://foursquare.com/v/place-du-br%C3%A9sil-paris-%C3%AEledefrance/4dad2df54b22ee6dec14c61a,125,805,0,0
88080,4dadca948154b108fec675f2,https://foursquare.com/v/pont-tournant-de-la-rue-dieu/4dadca948154b108fec675f2,124,1353,3,3
88083,4daeb245fa8cf04fbe047340,https://foursquare.com/v/place-%C3%A9tienne-pernet/4daeb245fa8cf04fbe047340,124,610,0,1
88099,4db328e843a1369cb59cd002,https://foursquare.com/v/basilique-notredameduperp%C3%A9tuelsecours/4db328e843a1369cb59cd002,90,203,0,1
88119,4db6f0170cb6729b6ac21458,https://foursquare.com/v/eglise-evangelique-protestante/4db6f0170cb6729b6ac21458,2,4,0,0
88127,4db85f7993a04a7c307f1546,https://foursquare.com/v/place-%C3%A9douard-renard/4db85f7993a04a7c307f1546,67,491,1,0
88145,4dbc498d815439392f9d8246,https://foursquare.com/v/place-du-colonel-fabien/4dbc498d815439392f9d8246,575,2834,1,5
88148,4dbd6ec4a86e0e98a1fa5b63,https://foursquare.com/v/%C3%A9glise-saintdominique/4dbd6ec4a86e0e98a1fa5b63,41,131,2,0
88175,4dc2b391887770a6be058bc5,https://foursquare.com/v/l%C3%A9glise-af83/4dc2b391887770a6be058bc5,5,104,0,0
88196,4dc80132887717c880605764,https://foursquare.com/v/couvent-dominicain-de-st-jacques/4dc80132887717c880605764,7,12,0,0
88225,4dcea725d4c065592f83cd3a,https://foursquare.com/v/square-passy/4dcea725d4c065592f83cd3a,22,69,0,0
88230,4dd0046022718eed7a5f51b7,https://foursquare.com/v/place-de-m%C3%A9nilmontant/4dd0046022718eed7a5f51b7,320,1215,0,0
88238,4dd3dc9cd1643acaa1ea41ba,https://foursquare.com/v/cit%C3%A9refuge-de-larm%C3%A9e-du-salut-le-corbusier/4dd3dc9cd1643acaa1ea41ba,12,32,0,0
88260,4dd7daae7d8b322663f9a365,https://foursquare.com/v/parc-de-la-cit%C3%A9-internationale-universitaire/4dd7daae7d8b322663f9a365,292,624,1,5
88264,4dd8e3ecc65bee535ad61f2b,https://foursquare.com/v/%C3%A9glise-saintgeorges-de-la-villette/4dd8e3ecc65bee535ad61f2b,9,16,0,0
88268,4dd94216b0fb8af380b29de3,https://foursquare.com/v/%C3%A9glise-saintgermaindecharonne/4dd94216b0fb8af380b29de3,38,60,0,1
88269,4dd9fe72d1647fcf3e8807b1,https://foursquare.com/v/meadows/4dd9fe72d1647fcf3e8807b1,10,194,0,0
88276,4ddabe308877f1151037c7a6,https://foursquare.com/v/temple-boudhiste/4ddabe308877f1151037c7a6,13,23,0,0
88295,4ddfbc5ad22d728b20ce6f6d,https://foursquare.com/v/place-salvador-allende/4ddfbc5ad22d728b20ce6f6d,118,667,0,0
88296,4de13f2c7d8b84d5dc8128ec,https://foursquare.com/v/eglise-evangelique-allemande/4de13f2c7d8b84d5dc8128ec,5,5,0,0
88322,4de8e2fbd4c0faa56439d20f,https://foursquare.com/v/place-armand-carrel/4de8e2fbd4c0faa56439d20f,69,292,0,2
88324,4de9ebd945dd3993a87df298,https://foursquare.com/v/porte-de-vitry/4de9ebd945dd3993a87df298,212,503,1,0
88328,4deb510dd4c00071b83a2643,https://foursquare.com/v/eglise-du-sacr%C3%A9-coeur-colombes/4deb510dd4c00071b83a2643,80,82,2,2
88330,4deb8b5ce4cdc079f4a011e6,https://foursquare.com/v/square-du-jeu-de-boules/4deb8b5ce4cdc079f4a011e6,14,59,0,0
88353,4defdce0c65b0270f3a0de31,https://foursquare.com/v/sainte-rita/4defdce0c65b0270f3a0de31,14,132,1,0
88354,4defe6b81f6ea135c6586a80,https://foursquare.com/v/passerelle-des-meuniers/4defe6b81f6ea135c6586a80,26,72,1,2
88361,4df0fab5227193bb466dcef0,https://foursquare.com/v/th%C3%A9%C3%A2tre-de-verdure-paris/4df0fab5227193bb466dcef0,16,18,1,0
88377,4df48ef888772e1f8157aac5,https://foursquare.com/v/eglise-orthodoxe-de-saintseraphindesarov/4df48ef888772e1f8157aac5,11,13,1,0
88395,4dfa65d91f6e2728c9f28750,https://foursquare.com/v/quais-de-jussieu/4dfa65d91f6e2728c9f28750,385,556,3,4
88402,4dfcd084fa76c83b6e7debf0,https://foursquare.com/v/place-de-torcy/4dfcd084fa76c83b6e7debf0,68,311,1,0
88403,4dfce44352b18923030dbc14,https://foursquare.com/v/passage-des-soupirs/4dfce44352b18923030dbc14,53,578,1,2
88415,4e00d7067d8beaa1649dc9bf,https://foursquare.com/v/centre-paroissial/4e00d7067d8beaa1649dc9bf,3,3,0,0
88435,4e079d3d6284d9ee92d6c76c,https://foursquare.com/v/%C3%A9glise-notredamedesotages/4e079d3d6284d9ee92d6c76c,20,34,0,2
88452,4e0ca5f0d4c07c82a2de4ddd,https://foursquare.com/v/notredame-desp%C3%A9rance/4e0ca5f0d4c07c82a2de4ddd,135,159,0,0
88504,4e1d87936284d5831b3b134d,https://foursquare.com/v/place-paul-verlaine-paris-%C3%AEledefrance/4e1d87936284d5831b3b134d,60,297,2,3
88512,4e1eccd4fa76920758b0b747,https://foursquare.com/v/jardin-debergue--rendezvous/4e1eccd4fa76920758b0b747,10,29,1,0
88526,4e2154a31495f18f034d4f7c,https://foursquare.com/v/porte-de-ch%C3%A2tillon/4e2154a31495f18f034d4f7c,385,867,2,1
88550,4e282cb8d164bfc24f1f9d9e,https://foursquare.com/v/place-bienven%C3%BCe/4e282cb8d164bfc24f1f9d9e,410,1042,1,0
88559,4e2be41818a80bb0585e63a5,https://foursquare.com/v/%C3%A9glise-notre-dame-de-lesp%C3%A9rance/4e2be41818a80bb0585e63a5,114,122,2,2
88571,4e2ef96be4cdb5a70d6394d3,https://foursquare.com/v/square-caulaincourt-paris-%C3%AEledefrance/4e2ef96be4cdb5a70d6394d3,131,312,0,3
88614,4e385ab41838d056d27c101f,https://foursquare.com/v/rue-orfila-paris/4e385ab41838d056d27c101f,24,105,0,0
88648,4e42fb3d483b13c708dcfa42,https://foursquare.com/v/%C3%A9glise-notredamedelassomption-de-passy/4e42fb3d483b13c708dcfa42,14,26,0,0
88668,4e4923741f6e29f10dc838b5,https://foursquare.com/v/les-maisons-rouges/4e4923741f6e29f10dc838b5,3,4,0,0
88669,4e492904e4cd9d94fb44740e,https://foursquare.com/v/%C3%A9glise-notredame-de-la-gare/4e492904e4cd9d94fb44740e,53,147,0,2
88702,4e4f6eadd164978659ca33fd,https://foursquare.com/v/centre-de-loisir-vincennes-nogent/4e4f6eadd164978659ca33fd,2,12,0,0
88725,4e55219062e1d1844326e223,https://foursquare.com/v/%C3%A9glise-saintgabriel/4e55219062e1d1844326e223,30,58,0,0
88735,4e5670a9a809ca773e004d03,https://foursquare.com/v/barri%C3%A8re-du-tr%C3%B4ne/4e5670a9a809ca773e004d03,121,850,1,4
88737,4e579daa14954ed2832cd087,https://foursquare.com/v/mosqu%C3%A9e-omar-ibn-el-khattab/4e579daa14954ed2832cd087,18,103,0,0
88747,4e5a61d6d164da2b276ef976,https://foursquare.com/v/eglise-presbyterienne-cor%C3%A9enne-de-mokyang/4e5a61d6d164da2b276ef976,26,64,0,0
88768,4e5e800f14954da39ff0fe4d,https://foursquare.com/v/square-courteline/4e5e800f14954da39ff0fe4d,125,1201,2,3
88787,4e62633baeb7360314e551cf,https://foursquare.com/v/esplanade-de-la-biblioth%C3%A8que-nationale-de-france/4e62633baeb7360314e551cf,321,897,5,5
88791,4e635ec4e4cdf1e2bfb16044,https://foursquare.com/v/%E3%83%8E%E3%83%BC%E3%83%88%E3%83%AB%E3%83%80%E3%83%A0%E5%AF%BA%E9%99%A2/4e635ec4e4cdf1e2bfb16044,14,14,0,0
88795,4e6463231520355eb6ed8027,https://foursquare.com/v/pont-des-invalides/4e6463231520355eb6ed8027,665,999,4,5
88799,4e649968e4cdf1e2c036a3ef,https://foursquare.com/v/paroisse-saint-hippolyte/4e649968e4cdf1e2c036a3ef,17,76,0,0
88831,4e6b2f2e7d8b143eb76f03e1,https://foursquare.com/v/deutsche-evangelische-kirche/4e6b2f2e7d8b143eb76f03e1,3,21,0,0
88836,4e6bd278b993061ea87f34d9,https://foursquare.com/v/kiosque-%C3%A0-musique/4e6bd278b993061ea87f34d9,9,231,0,1
88837,4e6cd784b61c739ba8b88a07,https://foursquare.com/v/la-cheminee-noire/4e6cd784b61c739ba8b88a07,20,103,0,0
88844,4e6df4d0aeb7ba66d9daab54,https://foursquare.com/v/square-tr%C3%A9bois/4e6df4d0aeb7ba66d9daab54,18,190,0,0
88853,4e6faf62fa765666a304a028,https://foursquare.com/v/porte-de-clignancourt/4e6faf62fa765666a304a028,490,1164,1,6
88861,4e70ab15b99302402c5c8413,https://foursquare.com/v/photoquai/4e70ab15b99302402c5c8413,219,239,2,7
88877,4e74d2ccd22d80eb32eb5970,https://foursquare.com/v/%C3%A9glise-saintlaurent-paris-%C3%AEledefrance/4e74d2ccd22d80eb32eb5970,146,210,0,3
88919,4e7c2aff89986e7458839002,https://foursquare.com/v/porte-de-choisy/4e7c2aff89986e7458839002,305,1144,2,3
88933,4e7f667e4690d5f73e39cd98,https://foursquare.com/v/villa-flore/4e7f667e4690d5f73e39cd98,40,211,1,0
88949,4e83cd284fc6f78732f55272,https://foursquare.com/v/place-de-la-bourse/4e83cd284fc6f78732f55272,1581,4654,4,10
88964,4e857fad93ad386410583783,https://foursquare.com/v/rue-du-chateau-des-rentiers/4e857fad93ad386410583783,52,212,2,0
88991,4e8b472b8b810d8892a636a4,https://foursquare.com/v/le-tabernacle/4e8b472b8b810d8892a636a4,3,4,1,0
89001,4e8da491722e13d13af58dd4,https://foursquare.com/v/%C3%A9glise-des-soldats/4e8da491722e13d13af58dd4,17,18,0,0
89003,4e8ddf46e5fa18aa8d48608c,https://foursquare.com/v/carrefour-saintplaciderennes/4e8ddf46e5fa18aa8d48608c,151,1124,1,3
89022,4e931131be7bf17dd69ab1bd,https://foursquare.com/v/esplanade-saintlouis/4e931131be7bf17dd69ab1bd,305,622,1,0
89051,4e9b04cfdab4d1d4ac4fa6d2,https://foursquare.com/v/place-dalleray/4e9b04cfdab4d1d4ac4fa6d2,92,327,0,0
89070,4ea41b46722ec75adefd80a7,https://foursquare.com/v/place-falgui%C3%A8re/4ea41b46722ec75adefd80a7,81,491,1,1
89097,4eaa96c10cd6a81e7caee8b9,https://foursquare.com/v/rotonde-de-la-villette/4eaa96c10cd6a81e7caee8b9,310,801,3,5
89125,4eb53b7f0039f4f9ed815e9a,https://foursquare.com/v/pavillon-carr%C3%A9-de-baudouin/4eb53b7f0039f4f9ed815e9a,36,53,1,1
89165,4ec554a229c224ea7c5fca7f,https://foursquare.com/v/statue-charles-de-gaulle/4ec554a229c224ea7c5fca7f,682,937,2,1
89188,4ecd19ba5c5c3d4995523a59,https://foursquare.com/v/le-ch%C3%A2teau-dingres-paris-%C3%AEledefrance/4ecd19ba5c5c3d4995523a59,19,69,0,0
89189,4ecd3d725c5c3d499582134a,https://foursquare.com/v/parc-avenue-foch/4ecd3d725c5c3d499582134a,103,250,2,4
89243,4edd497d7ee5e8e3ea48d920,https://foursquare.com/v/villa-des-lilas/4edd497d7ee5e8e3ea48d920,27,699,1,0
89254,4edfd7e90e01ed773bbe716e,https://foursquare.com/v/place-daligre/4edfd7e90e01ed773bbe716e,104,258,0,1
89287,4eecc61ff790c40a893b4e1d,https://foursquare.com/v/mosquee-foyer-gergovie/4eecc61ff790c40a893b4e1d,12,13,0,0
89378,4f0b1f0ee4b000dd78232664,https://foursquare.com/v/boulevard-richard-lenoir/4f0b1f0ee4b000dd78232664,199,528,2,0
89391,4f117869e4b09e81d8ad01d2,https://foursquare.com/v/chapelle-notredame-du-saintsacrement/4f117869e4b09e81d8ad01d2,43,91,0,1
89401,4f172d83e4b0044a28f3df3c,https://foursquare.com/v/place-jussieu/4f172d83e4b0044a28f3df3c,311,849,1,3
89409,4f1c35b0e4b0e6badc62769e,https://foursquare.com/v/%C3%A9glise-protestante-%C3%A9vang%C3%A9lique-des-ternes-paris/4f1c35b0e4b0e6badc62769e,2,4,0,0
89450,4f2bd7b2e4b0de3552ef0b68,https://foursquare.com/v/la-jumaa-paris/4f2bd7b2e4b0de3552ef0b68,3,23,0,0
89461,4f2fc89be4b04297f9a79815,https://foursquare.com/v/place-du-ch%C3%A2teau-rouge-paris-%C3%AEledefrance/4f2fc89be4b04297f9a79815,42,126,0,0
89471,4f33c24ce4b06627778b6954,https://foursquare.com/v/jardin-tropical/4f33c24ce4b06627778b6954,17,50,0,0
89484,4f3a26cfe4b06ff102c0da6b,https://foursquare.com/v/place-beauvau/4f3a26cfe4b06ff102c0da6b,118,387,1,2
89502,4f40c3b4e4b020398cecb29f,https://foursquare.com/v/place-claude-bourdet-paris-%C3%AEledefrance/4f40c3b4e4b020398cecb29f,7,161,1,0
89527,4f4a4c0de4b0922ac71b7499,https://foursquare.com/v/statue-de-la-fontaine/4f4a4c0de4b0922ac71b7499,4,6,0,0
89528,4f4a6a54e4b0605e448abf0e,https://foursquare.com/v/jardin-botanique-du-jardin-des-plantes/4f4a6a54e4b0605e448abf0e,935,1050,7,15
89550,4f5201ffe4b050039d0d8743,https://foursquare.com/v/church-baptist/4f5201ffe4b050039d0d8743,2,2,0,0
89586,4f5b4065e4b0cfc5e09a1edd,https://foursquare.com/v/eglise-du-sacr%C3%A9coeur-de-gentilly/4f5b4065e4b0cfc5e09a1edd,100,149,0,2
89587,4f5b6b53e4b036907006bbaf,https://foursquare.com/v/temple-bouddhiste-de-lassociation-des-teochew-de-france/4f5b6b53e4b036907006bbaf,10,11,0,0
89591,4f5ddfe9e4b03a6a139e4e6c,https://foursquare.com/v/parc-des-portes-de-paris/4f5ddfe9e4b03a6a139e4e6c,27,144,0,0
89634,4f6edfd6e4b0600333b307f7,https://foursquare.com/v/la-maison-des-canaux/4f6edfd6e4b0600333b307f7,40,382,0,0
89638,4f6f3480e4b0a235d8403125,https://foursquare.com/v/parcours-sportif/4f6f3480e4b0a235d8403125,15,41,1,1
89654,4f7328d3e4b060af1ac92808,https://foursquare.com/v/place-de-l%C3%A9cole-militaire/4f7328d3e4b060af1ac92808,661,1279,1,5
89708,4f85e298e4b0cf6fec83ec82,https://foursquare.com/v/square-amirauxboinod/4f85e298e4b0cf6fec83ec82,16,551,0,0
89754,4f979c8ae4b05465dae0714f,https://foursquare.com/v/place-du-louvre/4f979c8ae4b05465dae0714f,1322,1687,4,17
89770,4fa00370e4b0b4d9766bba5a,https://foursquare.com/v/jardin-biopark/4fa00370e4b0b4d9766bba5a,16,52,0,0
89907,4fccf5d4e4b03a57619239ac,https://foursquare.com/v/passerelle-arts-et-metiers/4fccf5d4e4b03a57619239ac,4,5,0,0
89940,4fd4c769e4b0191b9c7fcce3,https://foursquare.com/v/fontaine-de-lobservatoire/4fd4c769e4b0191b9c7fcce3,40,121,0,3
89956,4fdb1f64e4b0fb178992218d,https://foursquare.com/v/square-de-la-salamandre/4fdb1f64e4b0fb178992218d,13,100,1,0
90031,4ff47e7ae4b0463f701d18c9,https://foursquare.com/v/la-splendens-factory/4ff47e7ae4b0463f701d18c9,18,22,0,2
90048,4ffc5aa6e4b08049d9cabf8d,https://foursquare.com/v/parc-marmottan/4ffc5aa6e4b08049d9cabf8d,4,4,0,0
90075,5006e42de4b02fc718a1ef54,https://foursquare.com/v/place-du-g%C3%A9n%C3%A9rale-leclerc/5006e42de4b02fc718a1ef54,6,85,0,0
90101,500e757ae4b057e4cb65f62a,https://foursquare.com/v/place-de-passy-paris-%C3%AEledefrance/500e757ae4b057e4cb65f62a,108,163,1,2
90117,5013e24ae4b00c72b6a8b70c,https://foursquare.com/v/jardin-des-meuniers/5013e24ae4b00c72b6a8b70c,4,48,0,1
90119,50156ed6e4b0748a79e3819b,https://foursquare.com/v/%C3%A9glise-du-c%C5%93ureucharistiquedej%C3%A9sus/50156ed6e4b0748a79e3819b,26,50,0,1
90164,502f9afee4b0504d9e6d906e,https://foursquare.com/v/mus%C3%A9e-dart-moderne-mam-paris-%C3%AEledefrance/502f9afee4b0504d9e6d906e,1989,2451,13,67
90171,50338ce0e4b0c160f73a2c75,https://foursquare.com/v/square-de-la-place-de-bitche/50338ce0e4b0c160f73a2c75,18,52,1,0
90249,5050d1fae4b078cfee5232e6,https://foursquare.com/v/les-salons-venitiens/5050d1fae4b078cfee5232e6,6,6,0,0
90260,505226e8e4b0da0b41d70b3b,https://foursquare.com/v/appartements-dedith-piaff/505226e8e4b0da0b41d70b3b,7,8,0,1
90285,5054b2b7e4b04495bcda67cc,https://foursquare.com/v/jardin-lily-laskine/5054b2b7e4b04495bcda67cc,6,22,0,0
90288,5055cfc0e4b0feb29a89caf7,https://foursquare.com/v/loge-ma%C3%A7onnique-droit-humain/5055cfc0e4b0feb29a89caf7,7,7,0,0
90291,50570263e4b04495be193b71,https://foursquare.com/v/place-napol%C3%A9on-iii/50570263e4b04495be193b71,57,135,1,1
90300,505976c3e4b06d30e85d2e93,https://foursquare.com/v/porte-de-montrouge/505976c3e4b06d30e85d2e93,41,306,0,1
90316,505e4deae4b077974a963fca,https://foursquare.com/v/rue-cr%C3%A9mieux/505e4deae4b077974a963fca,46,182,0,7
90323,50603157e4b0a47ead63b42f,https://foursquare.com/v/space-invader/50603157e4b0a47ead63b42f,19,145,1,1
90409,506c7269e4b0d74e149cf03a,https://foursquare.com/v/ccf-ermont-congregation-chretienne-en-france/506c7269e4b0d74e149cf03a,0,1,0,0
90410,506d37f3e4b074cc9a9e3d67,https://foursquare.com/v/esplanade-henri-de-france/506d37f3e4b074cc9a9e3d67,32,184,0,1
90511,5093e99fe4b024b7d7046c55,https://foursquare.com/v/porte-de-clichy/5093e99fe4b024b7d7046c55,207,397,1,1
90592,50b789c6e4b037d8eec3ae2d,https://foursquare.com/v/2eme/50b789c6e4b037d8eec3ae2d,4,44,0,0
90599,50ba56dbe4b09e576248963d,https://foursquare.com/v/eglise-danoise-danske-kirke/50ba56dbe4b09e576248963d,9,22,0,0
90622,50c5c94690e732743b022d32,https://foursquare.com/v/place-des-invalides/50c5c94690e732743b022d32,724,788,4,7
90642,50cdb556e4b0ed436b5ccfe1,https://foursquare.com/v/square-sainte-h%C3%A9l%C3%A8ne/50cdb556e4b0ed436b5ccfe1,7,261,0,0
90673,50df6272e4b053b5ef97bffe,https://foursquare.com/v/yo/50df6272e4b053b5ef97bffe,4,24,0,0
90715,50f27d75e4b070ff08513955,https://foursquare.com/v/deuxi%C3%A8me-eglise-de-la-science-chr%C3%A9tienne--paris/50f27d75e4b070ff08513955,1,8,0,0
90754,5102795ae4b02714c453fa2e,https://foursquare.com/v/aerys/5102795ae4b02714c453fa2e,5,10,0,0
90768,510967fee4b0b8521f96234d,https://foursquare.com/v/passerelle-bz12/510967fee4b0b8521f96234d,11,55,0,0
90799,51164088e4b04d76f51eec0e,https://foursquare.com/v/maison-la-roche--lecorbusier/51164088e4b04d76f51eec0e,2,2,0,0
90816,511f6154e4b02b37a1d3fd62,https://foursquare.com/v/bloc/511f6154e4b02b37a1d3fd62,18,20,0,1
90823,511ffe7fe4b02c9c5f7cec4f,https://foursquare.com/v/circulations-festival-de-la-jeune-photographie-europ%C3%A9enne/511ffe7fe4b02c9c5f7cec4f,2,2,0,0
90831,51234e9be4b0a3b68bdbebbe,https://foursquare.com/v/notredame-de-lourdes/51234e9be4b0a3b68bdbebbe,6,7,0,0
90846,51290146e4b0fd965df2b001,https://foursquare.com/v/villiers/51290146e4b0fd965df2b001,33,76,0,0
90871,51330cece4b0fb5185e67266,https://foursquare.com/v/hillsong-paris-paris-france/51330cece4b0fb5185e67266,3,4,0,0
90872,51334a8fd86c20fcb5b75a4d,https://foursquare.com/v/paulines-sofa/51334a8fd86c20fcb5b75a4d,2,54,1,1
90874,5134b1ede4b0772825e76689,https://foursquare.com/v/cemeti%C3%A8re-de-mont-martre/5134b1ede4b0772825e76689,116,117,1,1
90895,513cce40e4b02427854f22c7,https://foursquare.com/v/eglise-du-saint-sacrement/513cce40e4b02427854f22c7,6,22,0,0
90919,5144ad41e4b02de942e4a7e7,https://foursquare.com/v/%C3%A9glise-du-sacr%C3%A9-c%C5%93ur/5144ad41e4b02de942e4a7e7,7,7,0,0
90923,514599f1e4b021dad6ee6f1a,https://foursquare.com/v/saint-m%C3%A9dard/514599f1e4b021dad6ee6f1a,4,12,0,1
90936,514a041ce4b0d62af9e90b84,https://foursquare.com/v/eglise-catholique-russe-de-la-tr%C3%A8ssainte-trinit%C3%A9/514a041ce4b0d62af9e90b84,1,39,1,2
90938,514a2ea6e4b0a890519db811,https://foursquare.com/v/chapelle-de-lh%C3%B4pital-st-louis/514a2ea6e4b0a890519db811,3,3,0,1
90945,514c53b1e4b0aa45911dccb0,https://foursquare.com/v/jardin-de-la-poterne-des-peupliers/514c53b1e4b0aa45911dccb0,5,9,1,0
91015,51617aa6e4b0d61dcb3a0b60,https://foursquare.com/v/all%C3%A9e-des-fortifications/51617aa6e4b0d61dcb3a0b60,1,3,0,0
91038,516848c9e4b0cb9358e819db,https://foursquare.com/v/point-g/516848c9e4b0cb9358e819db,11,12,0,1
91073,51712ca4e4b0bd11197d6cb1,https://foursquare.com/v/mosqu%C3%A9e-porte-des-poissonniers/51712ca4e4b0bd11197d6cb1,5,45,1,1
91102,517e3d09e412d842bc59d293,https://foursquare.com/v/jardin-dagronomie-tropicale/517e3d09e412d842bc59d293,0,0,0,0
91111,518174ba498e80d11bf61f90,https://foursquare.com/v/mus%C3%A9e-national-des-arts-et-traditions-populaires/518174ba498e80d11bf61f90,2,17,2,0
91176,51965d35498e0de7887fc872,https://foursquare.com/v/grand-pelouse-ciup/51965d35498e0de7887fc872,8,17,0,0
91179,519a4deb498e530162278711,https://foursquare.com/v/le-panteon/519a4deb498e530162278711,124,133,0,4
91211,51a2445e5019c80b56934c75,https://foursquare.com/v/tour-eiffel/51a2445e5019c80b56934c75,68106,91237,863,1697
91257,51add4a3498e8f3a41cc9337,https://foursquare.com/v/cour-saint%C3%A9milion/51add4a3498e8f3a41cc9337,170,213,2,4
91359,51c49fde498e3a8ec878aa5e,https://foursquare.com/v/%C3%A9glise-%C3%A9vang%C3%A9lique-de-t%C3%A9l%C3%A9graphe/51c49fde498e3a8ec878aa5e,1,1,2,1
91366,51c6e3d5498e570ec5372ebe,https://foursquare.com/v/abbaye-saintemarie-de-la-source/51c6e3d5498e570ec5372ebe,1,1,0,0
91376,51c9fe44498e023ee67f1010,https://foursquare.com/v/chapelle-sainte-bernadette-paris/51c9fe44498e023ee67f1010,1,1,0,0
91389,51ceff9b498e8c1d90f36bfa,https://foursquare.com/v/la-roseraie--parc-de-bagatellle/51ceff9b498e8c1d90f36bfa,6,7,0,1
91393,51d00318498e642faf457b07,https://foursquare.com/v/paroisse-saint-fran%C3%A7ois-dassise/51d00318498e642faf457b07,1,1,0,0
91425,51dc7f2f498ecd9da3704b6c,https://foursquare.com/v/%D0%B1%D1%83%D0%BB%D0%BE%D0%BD%D1%81%D0%BA%D0%B8%D0%B9-%D0%BB%D0%B5%D1%81/51dc7f2f498ecd9da3704b6c,4,6,0,0
91455,51ea902e498e9caed0d4bc21,https://foursquare.com/v/sous-un-arbre-/51ea902e498e9caed0d4bc21,2,2,0,1
91476,51f04509498e58df98abf05d,https://foursquare.com/v/porte-divry/51f04509498e58df98abf05d,15,21,0,0
91550,521a24ef11d2ad79a6766d58,https://foursquare.com/v/la-petite-ceinture/521a24ef11d2ad79a6766d58,17,24,1,0
91580,522362c811d29d7010cfd6fe,https://foursquare.com/v/%C3%A9glise-impulsion-paris/522362c811d29d7010cfd6fe,2,8,1,2
91644,5231c8ab11d21843d759ed6c,https://foursquare.com/v/mylenes-appartment/5231c8ab11d21843d759ed6c,2,2,0,0
91676,5238748f11d212cebd3aa748,https://foursquare.com/v/square-des-anciens-combattants-dindochine/5238748f11d212cebd3aa748,2,2,0,0
91692,523da304498edcd753f2f00c,https://foursquare.com/v/latelier-de-la-charpenterie/523da304498edcd753f2f00c,2,6,2,0
91711,523f0798498ef93345de3fc4,https://foursquare.com/v/aux-petits-annes-du-ranelagh/523f0798498ef93345de3fc4,1,1,0,0
91743,5245893b11d247b26ba0ebb7,https://foursquare.com/v/couvent-des-cordeliers-paris-idf/5245893b11d247b26ba0ebb7,9,9,0,0
91770,524b160811d22f359d8cc2bd,https://foursquare.com/v/eglise-de-scientologie--celebrity-center/524b160811d22f359d8cc2bd,2,2,0,0
91773,524bd6a311d27f3b6b1712ac,https://foursquare.com/v/fondation-hippocrene/524bd6a311d27f3b6b1712ac,4,10,0,0
91803,52507b1611d215a37f2e465d,https://foursquare.com/v/nuit-blanche/52507b1611d215a37f2e465d,4,4,0,0
91832,5256d291498eacf1d031ef9f,https://foursquare.com/v/arco-do-triunfo/5256d291498eacf1d031ef9f,7,7,0,1
91845,52584e4111d2092850a71c5b,https://foursquare.com/v/rue-thibault/52584e4111d2092850a71c5b,1,1,0,0
91860,525c23e111d2d7eaac86bcfa,https://foursquare.com/v/notre-dame-du-rosaire/525c23e111d2d7eaac86bcfa,2,2,0,0
