business_id,phone_number,name,full_address,latitude,longitude,review_count,rating,timezone,website,place_id,place_link,price_level,city,is_claimed,verified,state,full_address_array,types,description,sunday_hours,monday_hours,tuesday_hours,wednesday_hours,thursday_hours,friday_hours,saturday_hours
"0x47e671e7d297c973:0xe5eb004f23a758","","Panthéon","Panthéon, Pl. du Panthéon, 75005 Paris","48.846221799999995","2.3464138","","4.6","Europe/Paris","https://www.paris-pantheon.fr/","ChIJc8mX0udx5kcRWKcjTwDr5QA","https://www.google.com/maps/place/data=!3m1!4b1!4m2!3m1!1s0x47e671e7d297c973:0xe5eb004f23a758","","Paris","true","true","","Pl. du Panthéon | 75005 Paris","Monument | Tourist attraction","Colonnaded neoclassical mausoleum | 18th-century mausoleum with colonnaded facade, housing remains of notable French citizens. |  | t | t","","","","","","",""
"0x47e67201aca55d91:0x215f5f5bef3d2fe9","","Colonne de Juillet","Colonne de Juillet, Pl. de la Bastille, 75004 Paris","48.8531912","2.3691477","","4.3","Europe/Paris","http://www.colonne-de-juillet.fr/","ChIJkV2lrAFy5kcR6S8971tfXyE","https://www.google.com/maps/place/data=!3m1!4b1!4m2!3m1!1s0x47e67201aca55d91:0x215f5f5bef3d2fe9","","Paris","true","true","","Pl. de la Bastille | 75004 Paris","Monument | Tourist attraction","Monument to French Revolution of 1830 | Soaring Corinthian-style column topped with a winged gold statue commemorating the 1830 revolution. |  | t | t","","","","","","",""
"0x47e66e08e0f31b73:0x30d5c603e82be4d","","Monument à la République","Monument à la République, Pl. de la République, 75010 Paris","48.867503899999996","2.3638367","","4.5","Europe/Paris","https://www.pop.culture.gouv.fr/notice/merimee/PA75030005","ChIJcxvz4Ahu5kcRTb6CPmBcDQM","https://www.google.com/maps/place/data=!3m1!4b1!4m2!3m1!1s0x47e66e08e0f31b73:0x30d5c603e82be4d","","Paris","false","false","","Pl. de la République | 75010 Paris","Historical landmark","","","","","","","",""
"0x47e67201aca99229:0x231eb0c967e5eb10","0149524281","Place de la Bastille","Place de la Bastille, Pl. de la Bastille, 75004 Paris","48.8531827","2.3691443","","4.3","Europe/Paris","https://parisjetaime.com/transport/place-de-la-bastille-p1985","ChIJKZKprAFy5kcREOvlZ8mwHiM","https://www.google.com/maps/place/data=!3m1!4b1!4m2!3m1!1s0x47e67201aca99229:0x231eb0c967e5eb10","","Paris","false","false","","Pl. de la Bastille | 75004 Paris","Tourist attraction | Fortress | Landmark | Plaza | Historical landmark","Bustling square where prison once stood | The July Column rises above this iconic square's bars & cafes, former site of the Bastille prison. |  | t | t","","","","","","",""
"0x47e66e1fd8767d47:0x33f441f9dc242768","0153406080","Sainte-Chapelle","Sainte-Chapelle, 10 Bd du Palais, 75001 Paris","48.855374999999995","2.3449609","","4.6","Europe/Paris","https://www.sainte-chapelle.fr/","ChIJR3122B9u5kcRaCck3PlB9DM","https://www.google.com/maps/place/data=!3m1!4b1!4m2!3m1!1s0x47e66e1fd8767d47:0x33f441f9dc242768","","Paris","true","true","","10 Bd du Palais | 75001 Paris","Monument | Chapel | Tourist attraction","Gothic chapel with stained-glass windows | Ornate, 13th-century, Gothic chapel with relics & notable stained-glass windows of biblical scenes. |  | t | t","","","","","","",""
"0x47e671e161930967:0x7e866a5792ad810e","","Status Jean-Paul II","Status Jean-Paul II, 6 Parvis Notre-Dame - Pl. Jean-Paul II, 75004 Paris","48.852486899999995","2.349607","","4.2","Europe/Paris","","ChIJZwmTYeFx5kcRDoGtkldqhn4","https://www.google.com/maps/place/data=!3m1!4b1!4m2!3m1!1s0x47e671e161930967:0x7e866a5792ad810e","","Paris","false","true","","6 Parvis Notre-Dame - Pl. Jean-Paul II | 75004 Paris","Monument | Historical landmark","","","","","","","",""
"0x47e66f8085c2a76f:0x1404fcbecfccdb2d","0144507501","Place du Châtelet","Place du Châtelet, 12715 Rue St Denis, 75001 Paris","48.857470199999995","2.3473189999999997","","4.2","Europe/Paris","http://www.lekiosquedechatelet.fr/","ChIJb6fChYBv5kcRLdvMz778BBQ","https://www.google.com/maps/place/data=!3m1!4b1!4m2!3m1!1s0x47e66f8085c2a76f:0x1404fcbecfccdb2d","","Paris","true","true","","12715 Rue St Denis | 75001 Paris","Tourist attraction","Monument to Napoleonic victories | Fountain built in 1808 with a column topped by a Victory statue to celebrate Bonaparte's campaigns. |  | t | t","","","","","","",""
"0x47e671fc75f402eb:0x66d28639de95d59a","0614675498","Deportation Martyrs Memorial","Deportation Martyrs Memorial, 7 Quai de l'Archevêché, 75004 Paris","48.851757299999996","2.3524438","","4.6","Europe/Paris","","ChIJ6wL0dfxx5kcRmtWV3jmG0mY","https://www.google.com/maps/place/data=!3m1!4b1!4m2!3m1!1s0x47e671fc75f402eb:0x66d28639de95d59a","","Paris","true","true","","7 Quai de l'Archevêché | 75004 Paris","Tourist attraction | Memorial","Memorial to deportees sent to Nazi camps | Built in 1962, this modernist monument commemorates people sent to Nazi concentration camps in WWII. |  | t | t","","","","","","",""
"0x47e66e1fd8767d47:0x49cf1a0012a74348","0144612000","Centre des monuments nationaux","Centre des monuments nationaux, 62 Rue Saint-Antoine, 75004 Paris","48.8544437","2.3637306","","3.3","Europe/Paris","http://www.monuments-nationaux.fr/","ChIJR3122B9u5kcRSEOnEgAaz0k","https://www.google.com/maps/place/data=!3m1!4b1!4m2!3m1!1s0x47e66e1fd8767d47:0x49cf1a0012a74348","","Paris","true","true","","62 Rue Saint-Antoine | 75004 Paris","Federal government office | Cultural landmark","","","","","","","",""
"0x47e66e0e28eff093:0x3d85955d2ca4dda0","","Porte Saint-Martin","Porte Saint-Martin, Bd Saint-Martin, 75003 Paris","48.869137599999995","2.3556648","","4.5","Europe/Paris","https://fr.wikipedia.org/wiki/Porte_Saint-Martin","ChIJk_DvKA5u5kcRoN2kLF2VhT0","https://www.google.com/maps/place/data=!3m1!4b1!4m2!3m1!1s0x47e66e0e28eff093:0x3d85955d2ca4dda0","","Paris","true","true","","Bd Saint-Martin | 75003 Paris","Historical landmark","","","","","","","",""
"0x47e671e3c39fb11f:0xfcef1b7df2f35fa1","0144547504","Square Jean XXIII","Square Jean XXIII, 4 Parvis Notre-Dame - Pl. Jean-Paul II, 75004 Paris","48.852408399999995","2.3508717","","4.5","Europe/Paris","","ChIJH7Gfw-Nx5kcRoV_z8n0b7_w","https://www.google.com/maps/place/data=!3m1!4b1!4m2!3m1!1s0x47e671e3c39fb11f:0xfcef1b7df2f35fa1","","Paris","true","true","","4 Parvis Notre-Dame - Pl. Jean-Paul II | 75004 Paris","Tourist attraction | City park","","","","","","","",""
"0x47e66e23fda37217:0x891761df6eece17b","0142602164","Monument of Gaspard de Coligny of Châtillon","Monument of Gaspard de Coligny of Châtillon, 1 Rue de l'Oratoire, 75001 Paris","48.861455","2.3397449","","4.4","Europe/Paris","https://oratoiredulouvre.fr/patrimoine/visites/histoire-du-protestantisme-parisien-et-de-loratoire/1889-monument-de-lamiral-de-coligny","ChIJF3Kj_SNu5kcRe-Hsbt9hF4k","https://www.google.com/maps/place/data=!3m1!4b1!4m2!3m1!1s0x47e66e23fda37217:0x891761df6eece17b","","Paris","false","false","","1 Rue de l'Oratoire | 75001 Paris","Tourist attraction | Historical landmark","","","","","","","",""
"0x47e66e1b98a2b485:0xbd07128d4721cc80","","Le Défenseur du Temps","Le Défenseur du Temps, 19 Rue Brantôme, 75003 Paris","48.862235299999995","2.3526629","","4","Europe/Paris","","ChIJhbSimBtu5kcRgMwhR40SB70","https://www.google.com/maps/place/data=!3m1!4b1!4m2!3m1!1s0x47e66e1b98a2b485:0xbd07128d4721cc80","","Paris","false","false","","19 Rue Brantôme | 75003 Paris","Tourist attraction | Cultural landmark","Mechanical clock with a man & animals | Installed in 1979, this mechanical clock features a metal man, a dragon, a crab & a rooster. |  | t | t","","","","","","",""
"0x47e66e233784aa77:0xd598036a982943dc","0144507501","Statue of Louis XIV","Statue of Louis XIV, Pl. des Victoires, 75001 Paris","48.8657591","2.341196","","4.4","Europe/Paris","","ChIJd6qENyNu5kcR3EMpmGoDmNU","https://www.google.com/maps/place/data=!3m1!4b1!4m2!3m1!1s0x47e66e233784aa77:0xd598036a982943dc","","Paris","false","false","","Pl. des Victoires | 75001 Paris","Monument | Historical landmark | Tourist attraction","Mounted figure of the long-reigning king | Bronze statue of a horse-mounted Louis XIV on a square ringed by fashion boutiques. |  | t | t","","","","","","",""
"0x47e671fd48647b3f:0xa7e0d2e3e14140b3","","Mur des Noms","Mur des Noms, 17 Rue Geoffroy l'Asnier, 75004 Paris","48.8548633","2.3562334","","4.2","Europe/Paris","","ChIJP3tkSP1x5kcRs0BB4ePS4Kc","https://www.google.com/maps/place/data=!3m1!4b1!4m2!3m1!1s0x47e671fd48647b3f:0xa7e0d2e3e14140b3","","Paris","false","true","","17 Rue Geoffroy l'Asnier | 75004 Paris","Monument","","","","","","","",""
"0x47e671fbe87a44f9:0xda359d2040b423b8","","Square Barye","Square Barye, 2 Bd Henri IV, 75004 Paris","48.8499572","2.3598073","","4.3","Europe/Paris","https://www.paris.fr/equipements/square-barye-29","ChIJ-UR66Ptx5kcRuCO0QCCdNdo","https://www.google.com/maps/place/data=!3m1!4b1!4m2!3m1!1s0x47e671fbe87a44f9:0xda359d2040b423b8","","Paris","true","true","","2 Bd Henri IV | 75004 Paris","Tourist attraction | Park | City park","Triangular park along the water | Relaxed park located on island's edge featuring sculptures, gardens & scenic water views. |  | t | t","","","","","","",""
"0x47e671e270f2da69:0x5e06b03645eaecb7","","Statue d'Étienne Marcel","Statue d'Étienne Marcel, 1341 Quai de l'Hôtel de ville, 75004 Paris","48.8556686","2.3521091999999997","","4.4","Europe/Paris","","ChIJadrycOJx5kcRt-zqRTawBl4","https://www.google.com/maps/place/data=!3m1!4b1!4m2!3m1!1s0x47e671e270f2da69:0x5e06b03645eaecb7","","Paris","false","false","","1341 Quai de l'Hôtel de ville | 75004 Paris","Tourist attraction | Sculpture","","","","","","","",""
"0x47e66e05df32aca9:0x9df77983fa39fc12","0183819330","Le Carreau du Temple","Le Carreau du Temple, 4 Rue Eugène Spuller, 75003 Paris","48.8646104","2.3623102","","4.4","Europe/Paris","https://www.lecarreaudutemple.eu/","ChIJqawy3wVu5kcREvw5-oN5950","https://www.google.com/maps/place/data=!3m1!4b1!4m2!3m1!1s0x47e66e05df32aca9:0x9df77983fa39fc12","","Paris","true","true","","4 Rue Eugène Spuller | 75003 Paris","Tourist attraction | Cultural landmark | Sports complex | Cultural center","Former clothes market hosting events | Converted in 2014, this large former clothing market hosts a variety of interdisciplinary events. |  | t | t","","","","","","",""
"0x47e67203419be391:0x6468453495818eda","","Maisons colorées de la rue Crémieux","Maisons colorées de la rue Crémieux, Rue Crémieux, 75012 Paris","48.8468691","2.3708535","","4.4","Europe/Paris","","ChIJkeObQQNy5kcR2o6BlTRFaGQ","https://www.google.com/maps/place/data=!3m1!4b1!4m2!3m1!1s0x47e67203419be391:0x6468453495818eda","","Paris","false","false","","Rue Crémieux | 75012 Paris","Tourist attraction | Cultural landmark","","","","","","","",""
"0x47e671efec94db07:0x97b4fe4f68077c57","","Square des arènes de Lutèce","Square des arènes de Lutèce, 4 Rue des Arènes, 75005 Paris","48.844794199999995","2.3533306","","4.4","Europe/Paris","http://equipement.paris.fr/square-des-arenes-de-lutece-et-square-capitan-1760#local-calendar","ChIJB9uU7O9x5kcRV3wHaE_-tJc","https://www.google.com/maps/place/data=!3m1!4b1!4m2!3m1!1s0x47e671efec94db07:0x97b4fe4f68077c57","","Paris","true","true","","4 Rue des Arènes | 75005 Paris","Tourist attraction | City park","","","","","","","",""
"0x47e671fd46fcc575:0xc902de577558f506","0142774472","Mémorial De La Shoah","Mémorial De La Shoah, 17 Rue Geoffroy l'Asnier, 75004 Paris","48.854950699999996","2.3562051999999998","","4.7","Europe/Paris","http://www.memorialdelashoah.org/?utm_source=gmb","ChIJdcX8Rv1x5kcRBvVYdVfeAsk","https://www.google.com/maps/place/data=!3m1!4b1!4m2!3m1!1s0x47e671fd46fcc575:0xc902de577558f506","","Paris","true","true","","17 Rue Geoffroy l'Asnier | 75004 Paris","Tourist attraction | Archive | Museum | Memorial","Holocaust museum with a memorial | Free-entry Holocaust museum & memorial with photographs, documents & multi-media displays. |  | t | t","","","","","","",""
"0x47e66e1fd87412b3:0x15dc23f051802e30","","Tour de l'Horloge du Palais de la Cité","Tour de l'Horloge du Palais de la Cité, Bd du Palais, 75001 Paris","48.8562468","2.3462256","","4.6","Europe/Paris","","ChIJsxJ02B9u5kcRMC6AUfAj3BU","https://www.google.com/maps/place/data=!3m1!4b1!4m2!3m1!1s0x47e66e1fd87412b3:0x15dc23f051802e30","","Paris","false","false","","Bd du Palais | 75001 Paris","Monument | Heritage building","","","","","","","",""
"0x47e671f860434a21:0xee7edd9be308a667","0144541930","Centre des Monuments Nationaux","Centre des Monuments Nationaux, 7 Bd Morland, 75004 Paris","48.8480413","2.3647915","","2","Europe/Paris","https://www.monuments-nationaux.fr/","ChIJIUpDYPhx5kcRZ6YI45vdfu4","https://www.google.com/maps/place/data=!3m1!4b1!4m2!3m1!1s0x47e671f860434a21:0xee7edd9be308a667","","Paris","false","false","","7 Bd Morland | 75004 Paris","Government office","","","","","","","",""
"0x47e66e1d5cdc80ff:0x69a59cb805cbd34a","","Caserne Napoléon","Caserne Napoléon, Rue de Lobau, 75004 Paris","48.8562632","2.3542533","","4.5","Europe/Paris","","ChIJ_4DcXB1u5kcRStPLBbicpWk","https://www.google.com/maps/place/data=!3m1!4b1!4m2!3m1!1s0x47e66e1d5cdc80ff:0x69a59cb805cbd34a","","Paris","false","false","","Rue de Lobau | 75004 Paris","Historical landmark","","","","","","","",""
"0x47e66f8c4441b621:0x9d545750b358b83e","","Republic Square Paris","Republic Square Paris, Pl. de la République, 75011 Paris","48.8676635","2.3640304","","4.4","Europe/Paris","","ChIJIbZBRIxv5kcRPrhYs1BXVJ0","https://www.google.com/maps/place/data=!3m1!4b1!4m2!3m1!1s0x47e66f8c4441b621:0x9d545750b358b83e","","Paris","false","false","","Pl. de la République | 75011 Paris","Tourist attraction","","","","","","","",""
"0x47e66e19af66ce67:0xe2ee4ec6cb63193a","0140262028","Tour Jean-sans-Peur","Tour Jean-sans-Peur, 20 Rue Étienne Marcel, 75002 Paris","48.8643222","2.3480631","","4.5","Europe/Paris","http://www.tourjeansanspeur.com/","ChIJZ85mrxlu5kcROhljy8ZO7uI","https://www.google.com/maps/place/data=!3m1!4b1!4m2!3m1!1s0x47e66e19af66ce67:0xe2ee4ec6cb63193a","","Paris","true","true","","20 Rue Étienne Marcel | 75002 Paris","Tourist attraction | Museum","Medieval tower with sculpted vault | Last vestige of the palace of the Dukes of Burgundy, with displays on its history & construction. |  | t | t","","","","","","",""
"0x47e671007803cdd3:0xbbf72fb5f2db8e63","","Monument à Buffon","R9R4+WV Monument à Buffon, 75005 Paris","48.8425434","2.3577898","","5","Europe/Paris","","ChIJ080DeABx5kcRY47b8rUv97s","https://www.google.com/maps/place/data=!3m1!4b1!4m2!3m1!1s0x47e671007803cdd3:0xbbf72fb5f2db8e63","","Paris","false","false","","R9R4+WV | 75005 Paris","Historical landmark","","","","","","","",""
"0x47e6713be78fa44b:0x86618e3eade04b94","","Lamarck statue","Lamarck statue, 75005 Paris","48.8440222","2.3635824","","4.4","Europe/Paris","","ChIJS6SP5ztx5kcRlEvgrT6OYYY","https://www.google.com/maps/place/data=!3m1!4b1!4m2!3m1!1s0x47e6713be78fa44b:0x86618e3eade04b94","","Paris","false","true","","75005 Paris","Monument","","","","","","","",""
"0x47e66f002004141d:0x9a0e4d96d96fd57b","","Le Bouchard","Le Bouchard, 15 Rue Bouchardon, 75010 Paris","48.870514","2.3575263","","4.3","Europe/Paris","","ChIJHRQEIABv5kcRe9Vv2ZZNDpo","https://www.google.com/maps/place/data=!3m1!4b1!4m2!3m1!1s0x47e66f002004141d:0x9a0e4d96d96fd57b","","Paris","false","false","","15 Rue Bouchardon | 75010 Paris","Historical landmark","","","","","","","",""
"0x47e671e2ade5c7a1:0x92dca220d45e87a","0148873202","Church of Saint-Gervais","Church of Saint-Gervais, 13 Rue des Barres, 75004 Paris","48.855613299999995","2.3544587","","4.6","Europe/Paris","https://paris.fraternites-jerusalem.org/","ChIJocflreJx5kcReuhFDSLKLQk","https://www.google.com/maps/place/data=!3m1!4b1!4m2!3m1!1s0x47e671e2ade5c7a1:0x92dca220d45e87a","","Paris","true","true","","13 Rue des Barres | 75004 Paris","Tourist attraction | Cultural landmark | Monastery | Catholic church","Church with famous Baroque organ | Gothic church on ancient worship site, begun in 1494 & home to renowned French musical dynasty. |  | t | t","","","","","","",""
"0x47e66dfe0fbeb9f1:0x91192309f4da1b59","0683681632","Monument Sas : Votre chasseur de biens en Déficit Foncier, Malraux, Monument Historique…","Monument Sas : Votre chasseur de biens en Déficit Foncier, Malraux, Monument Historique…, 61 Rue de Lyon, 75012 Paris","48.8504887","2.3701099","","4.5","Europe/Paris","https://www.monument.fr/","ChIJ8bm-D_5t5kcRWRva9AkjGZE","https://www.google.com/maps/place/data=!3m1!4b1!4m2!3m1!1s0x47e66dfe0fbeb9f1:0x91192309f4da1b59","","Paris","true","true","","61 Rue de Lyon | 75012 Paris","Real estate agency | Property investment company","","","","","","","",""
"0x47e66f00718c517b:0x82eb30ed8156092b","","Monument au Baron Isidore Taylor","Monument au Baron Isidore Taylor, Promenade Cleews Vellay, 75010 Paris","48.868392199999995","2.3604206999999997","","","Europe/Paris","","ChIJe1GMcQBv5kcRKwlWge0w64I","https://www.google.com/maps/place/data=!3m1!4b1!4m2!3m1!1s0x47e66f00718c517b:0x82eb30ed8156092b","","Paris","false","false","","Promenade Cleews Vellay | 75010 Paris","Tourist attraction","","","","","","","",""
"0x47e66e1fd8767d47:0x90ca4b466cb6316a","0153406080","Conciergerie","Conciergerie, 2 Bd du Palais, 75001 Paris","48.8560114","2.3454953","","4.4","Europe/Paris","https://www.paris-conciergerie.fr/","ChIJR3122B9u5kcRajG2bEZLypA","https://www.google.com/maps/place/data=!3m1!4b1!4m2!3m1!1s0x47e66e1fd8767d47:0x90ca4b466cb6316a","","Paris","true","true","","2 Bd du Palais | 75001 Paris","Monument | Museum | Tourist attraction","14th-century royal palace & prison | Gothic, riverside fortress & French Revolution prison, housing Marie Antoinette's former cell. |  | t | t","","","","","","",""
"0x47e67118bb3d10a1:0xdb5ed9aac3746108","","Monument aux Républicains Espagnols","Monument aux Républicains Espagnols, Quai Henri IV, 75004 Paris","48.8492652","2.3617169","","1","Europe/Paris","","ChIJoRA9uxhx5kcRCGF0w6rZXts","https://www.google.com/maps/place/data=!3m1!4b1!4m2!3m1!1s0x47e67118bb3d10a1:0xdb5ed9aac3746108","","Paris","false","false","","Quai Henri IV | 75004 Paris","Cultural landmark","","","","","","","",""
"0x47e671e702acd45f:0x764c43013cf5b182","","Statue poete roumain Mihai Eminescu","Statue poete roumain Mihai Eminescu, 14 Rue Jean de Beauvais, 75005 Paris","48.849317199999994","2.346789","","4.9","Europe/Paris","","ChIJX9SsAudx5kcRgrH1PAFDTHY","https://www.google.com/maps/place/data=!3m1!4b1!4m2!3m1!1s0x47e671e702acd45f:0x764c43013cf5b182","","Paris","false","true","","14 Rue Jean de Beauvais | 75005 Paris","Monument","","","","","","","",""
"0x47e66e1fd0b911a5:0xcce1e4febc527859","","Pont au Change","Pont au Change, 75001 Paris","48.8566201","2.3467987999999997","","4.6","Europe/Paris","","ChIJpRG50B9u5kcRWXhSvP7k4cw","https://www.google.com/maps/place/data=!3m1!4b1!4m2!3m1!1s0x47e66e1fd0b911a5:0xcce1e4febc527859","","Paris","false","false","","75001 Paris","Bridge | Tourist attraction","Landmark bridge & a popular photo op | Bridge over the Seine River featured in Victor Hugo's novel Les Miserables & iconic spot for photos. |  | t | t","","","","","","",""
"0x47e671e0f092b575:0x4e0121214d66a957","","Narrowest street in Paris","Narrowest street in Paris, Rue du Chat Qui Pêche, 75005 Paris","48.853063999999996","2.3461206","","4","Europe/Paris","","ChIJdbWS8OBx5kcRV6lmTSEhAU4","https://www.google.com/maps/place/data=!3m1!4b1!4m2!3m1!1s0x47e671e0f092b575:0x4e0121214d66a957","","Paris","false","false","","Rue du Chat Qui Pêche | 75005 Paris","Tourist attraction | Cultural landmark","","","","","","","",""
"0x47e66f274917c8ef:0xf12aac774ccfb7f","","Statue Nicolas Leblanc","Statue Nicolas Leblanc, 292 Rue Saint-Martin, 75003 Paris","48.867050899999995","2.3551653","","5","Europe/Paris","","ChIJ78gXSSdv5kcRf_vMdMeqEg8","https://www.google.com/maps/place/data=!3m1!4b1!4m2!3m1!1s0x47e66f274917c8ef:0xf12aac774ccfb7f","","Paris","false","true","","292 Rue Saint-Martin | 75003 Paris","Monument","","","","","","","",""
"0x47e66e03059212a7:0x25c5705b70600c86","0142720937","Notre-Dame-des-Blancs-Manteaux","Notre-Dame-des-Blancs-Manteaux, 1 Rue de l'Abbé-Migne, 75004 Paris","48.858930099999995","2.3576473","","4.5","Europe/Paris","https://www.ndbm.fr/","ChIJpxKSBQNu5kcRhgxgcFtwxSU","https://www.google.com/maps/place/data=!3m1!4b1!4m2!3m1!1s0x47e66e03059212a7:0x25c5705b70600c86","","Paris","true","true","","1 Rue de l'Abbé-Migne | 75004 Paris","Tourist attraction | Parish | Catholic church","","","","","","","",""
"0x47e66e03be63060f:0xc9184251727665f7","0140276096","Musée des Archives Nationales - Hôtel de Soubise","Musée des Archives Nationales - Hôtel de Soubise, 60 Rue des Francs Bourgeois, 75003 Paris","48.8604062","2.3577888","","4.5","Europe/Paris","https://www.archives-nationales.culture.gouv.fr/","ChIJDwZjvgNu5kcR92V2clFCGMk","https://www.google.com/maps/place/data=!3m1!4b1!4m2!3m1!1s0x47e66e03be63060f:0xc9184251727665f7","","Paris","true","true","","60 Rue des Francs Bourgeois | 75003 Paris","Monument | Historical landmark | Museum | Tourist attraction","Story of the state archive & documents | Museum telling the story of the state archives & displaying significant documents, maps & images. |  | t | t","","","","","","",""
"0x47e671f030ecde7d:0x8579913bdd42958e","","Pavillon Chevreul","Pavillon Chevreul, 61 Rue Cuvier, 75005 Paris","48.8439604","2.3556165","","3.7","Europe/Paris","","ChIJfd7sMPBx5kcRjpVC3TuReYU","https://www.google.com/maps/place/data=!3m1!4b1!4m2!3m1!1s0x47e671f030ecde7d:0x8579913bdd42958e","","Paris","false","false","","61 Rue Cuvier | 75005 Paris","Monument | Historical landmark","","","","","","","",""
"0x47e66e2f4dbfd055:0x7607faa504ac5be9","","Arc de Triomphe du Carrousel","Arc de Triomphe du Carrousel, Pl. du Carrousel, 75001 Paris","48.861723","2.3329245999999997","","4.7","Europe/Paris","https://fr.wikipedia.org/wiki/Arc_de_triomphe_du_Carrousel","ChIJVdC_TS9u5kcR6VusBKX6B3Y","https://www.google.com/maps/place/data=!3m1!4b1!4m2!3m1!1s0x47e66e2f4dbfd055:0x7607faa504ac5be9","","Paris","false","true","","Pl. du Carrousel | 75001 Paris","Monument","Historic square with scenic views | This spacious square, once the site of a 16th-century palace, offers views of iconic buildings. |  | t | t","","","","","","",""
"0x47e66e0224036dc5:0x17d6f792adefde07","0142768400","Hôtel d'Albret","Hôtel d'Albret, Hôtel d’Albret, 31 Rue des Francs Bourgeois, 75004 Paris","48.8575716","2.3608716999999997","","4.2","Europe/Paris","","ChIJxW0DJAJu5kcRB97vrZL31hc","https://www.google.com/maps/place/data=!3m1!4b1!4m2!3m1!1s0x47e66e0224036dc5:0x17d6f792adefde07","","Paris","false","false","","Hôtel d’Albret | 31 Rue des Francs Bourgeois | 75004 Paris","Tourist attraction | Historical landmark","","","","","","","",""
"0x47e66f9337af43ff:0x8ea3b51cd9964dc8","+905519442383","Ancienne église Saint-Jacques de la Boucherie","Ancienne église Saint-Jacques de la Boucherie, 39B Rue de Rivoli, 75004 Paris","48.858013299999996","2.3487152","","4.8","Europe/Paris","","ChIJ_0OvN5Nv5kcRyE2W2Ry1o44","https://www.google.com/maps/place/data=!3m1!4b1!4m2!3m1!1s0x47e66f9337af43ff:0x8ea3b51cd9964dc8","","Paris","false","false","","39B Rue de Rivoli | 75004 Paris","Historical landmark","","","","","","","",""
"0x47e671d7b02fcc7f:0x17bf12d81b8d2169","","Monument to Taras Shevchenko","Monument to Taras Shevchenko, 186 Bd Saint-Germain, 75006 Paris","48.854712","2.3307681","","4.7","Europe/Paris","http://ukrainianplaces.com/en/europe/france/paris/taras-shevchenkos-bust","ChIJf8wvsNdx5kcRaSGNG9gSvxc","https://www.google.com/maps/place/data=!3m1!4b1!4m2!3m1!1s0x47e671d7b02fcc7f:0x17bf12d81b8d2169","","Paris","false","false","","186 Bd Saint-Germain | 75006 Paris","Historical landmark","","","","","","","",""
"0x47e66e2091c14e89:0x13d341b8f039c136","","Equestrian Statue of Henri IV","Equestrian Statue of Henri IV, 15 Pl. du Pont Neuf, 75001 Paris","48.857163799999995","2.3409790999999998","","4.5","Europe/Paris","http://www.paris.fr/","ChIJiU7BkSBu5kcRNsE58LhB0xM","https://www.google.com/maps/place/data=!3m1!4b1!4m2!3m1!1s0x47e66e2091c14e89:0x13d341b8f039c136","","Paris","false","false","","15 Pl. du Pont Neuf | 75001 Paris","Monument | Historical landmark | Tourist attraction","","","","","","","",""
"0x47e671e390b3d241:0x725d59d5bbd264a9","","Monument à Octave gréard","Monument à Octave gréard, 75005 Paris","48.850037099999994","2.3443009999999997","","2","Europe/Paris","","ChIJQdKzkONx5kcRqWTSu9VZXXI","https://www.google.com/maps/place/data=!3m1!4b1!4m2!3m1!1s0x47e671e390b3d241:0x725d59d5bbd264a9","","Paris","false","false","","75005 Paris","Cultural landmark","","","","","","","",""
"0x47e671c6c0a0772b:0x2b43fc581c4377f9","","Marshal Ney Monument","Marshal Ney Monument, 20 Av. de l'Observatoire, 75006 Paris","48.8400288","2.3363706","","4.5","Europe/Paris","","ChIJK3egwMZx5kcR-XdDHFj8Qys","https://www.google.com/maps/place/data=!3m1!4b1!4m2!3m1!1s0x47e671c6c0a0772b:0x2b43fc581c4377f9","","Paris","false","false","","20 Av. de l'Observatoire | 75006 Paris","Historical landmark","Statue of French Revolution officer | Bronze statue of Napoleonic military commander by French sculptor François Rude created in 1853. |  | t | t","","","","","","",""
"0x47e671e75f39aa43:0xc8888b24b5980ead","","Square Samuel Paty","Square Samuel Paty, 2 Pl. Paul Painlevé, 75005 Paris","48.8500692","2.3440919","","4.3","Europe/Paris","https://www.paris.fr/equipements/square-samuel-paty-2444","ChIJQ6o5X-dx5kcRrQ6YtSSLiMg","https://www.google.com/maps/place/data=!3m1!4b1!4m2!3m1!1s0x47e671e75f39aa43:0xc8888b24b5980ead","","Paris","true","true","","2 Pl. Paul Painlevé | 75005 Paris","Tourist attraction | Park | City park","Park with sculptures, paths & benches | Modest historical park featuring several monuments & sculptures, plus walking paths & benches. |  | t | t","","","","","","",""
"0x47e66e4c5a3aa463:0x1465fbacf7a27224","","Monument to Maréchal Moncey","Monument to Maréchal Moncey, Pl. de Clichy, 75018 Paris","48.8835206","2.3274285","","4.2","Europe/Paris","","ChIJY6Q6Wkxu5kcRJHKi96z7ZRQ","https://www.google.com/maps/place/data=!3m1!4b1!4m2!3m1!1s0x47e66e4c5a3aa463:0x1465fbacf7a27224","","Paris","false","false","","Pl. de Clichy | 75018 Paris","Historical landmark","","","","","","","",""
"0x47e66e2d72ab0f07:0xbe785cf225f45728","","Monument à Pierre Marie René Ernest Waldeck-Rousseau","Monument à Pierre Marie René Ernest Waldeck-Rousseau, 75001 Paris","48.865434","2.3250411","","4.8","Europe/Paris","","ChIJBw-rci1u5kcRKFf0JfJceL4","https://www.google.com/maps/place/data=!3m1!4b1!4m2!3m1!1s0x47e66e2d72ab0f07:0xbe785cf225f45728","","Paris","false","true","","75001 Paris","Monument","","","","","","","",""
"0x47e671f16e8b473f:0x6654eb54335c53f0","","Monument à Francis Garnier","Monument à Francis Garnier, Av. de l'Observatoire, 75006 Paris","48.8402643","2.3367321","","4.2","Europe/Paris","https://e-monumen.net/patrimoine-monumental/monument-a-francis-garnier-paris-6e-arr/","ChIJP0eLbvFx5kcR8FNcM1TrVGY","https://www.google.com/maps/place/data=!3m1!4b1!4m2!3m1!1s0x47e671f16e8b473f:0x6654eb54335c53f0","","Paris","false","false","","Av. de l'Observatoire | 75006 Paris","Cultural landmark","","","","","","","",""
"0x47e66e31ee97979f:0x572f1370e3432ecd","","Colonne Vendôme","Colonne Vendôme, Pl. Vendôme, 75001 Paris","48.867475999999996","2.3294455","","4.7","Europe/Paris","https://www.parisinfo.com/musee-monument-paris/71229/Colonne-Vendome","ChIJn5eX7jFu5kcRzS5D43ATL1c","https://www.google.com/maps/place/data=!3m1!4b1!4m2!3m1!1s0x47e66e31ee97979f:0x572f1370e3432ecd","","Paris","false","false","","Pl. Vendôme | 75001 Paris","Tourist attraction | Cultural landmark | Historical landmark","Bronze war memorial & Napoleon statue | Bronze column standing as a war memorial, with bas-relief carvings topped by a statue of Napoleon. |  | t | t","","","","","","",""
"0x47e66f3c1e7781e7:0x93f52b9ef83afd5f","","Tunnel des Tuileries","Tunnel des Tuileries, 75001 Quai Henri IV, Paris","48.8587499","2.3401362","","4.4","Europe/Paris","","ChIJ54F3Hjxv5kcRX_06-J4r9ZM","https://www.google.com/maps/place/data=!3m1!4b1!4m2!3m1!1s0x47e66f3c1e7781e7:0x93f52b9ef83afd5f","","Paris","false","false","","75001 Quai Henri IV | Paris","Tourist attraction | Cultural landmark","","","","","","","",""
"0x47e671fb82114f31:0xf0be25daead6ef24","","Hôtel de Comans d'Astry","Hôtel de Comans d'Astry, 18 Quai de Béthune, 75004 Paris","48.850544","2.3581027","","4.5","Europe/Paris","","ChIJMU8Rgvtx5kcRJO_W6tolvvA","https://www.google.com/maps/place/data=!3m1!4b1!4m2!3m1!1s0x47e671fb82114f31:0xf0be25daead6ef24","","Paris","false","true","","18 Quai de Béthune | 75004 Paris","Monument","","","","","","","",""
"0x47e66e1fd8767d47:0xcdcb526c397f16f5","0147039216","Domaine National du Palais-Royal","Domaine National du Palais-Royal, 75001 Paris","48.8637569","2.3371261","","4.6","Europe/Paris","https://www.domaine-palais-royal.fr/","ChIJR3122B9u5kcR9RZ_OWxSy80","https://www.google.com/maps/place/data=!3m1!4b1!4m2!3m1!1s0x47e66e1fd8767d47:0xcdcb526c397f16f5","","Paris","true","true","","75001 Paris","Tourist attraction | Cultural landmark","17th-century arcaded palace with gardens | Palace & gardens with 17th-century arcades of shops & Daniel Buren's striped columns in courtyard. |  | t | t","","","","","","",""
"0x47e66e219c19a481:0xe3ae32eed7bd649","","Fontaine de la Croix-du-Trahoir","Fontaine de la Croix-du-Trahoir, 25, 27 Rue de l'Arbre Sec, 75001 Paris","48.861364099999996","2.3423545999999997","","3.9","Europe/Paris","","ChIJgaQZnCFu5kcRSdZ77S7jOg4","https://www.google.com/maps/place/data=!3m1!4b1!4m2!3m1!1s0x47e66e219c19a481:0xe3ae32eed7bd649","","Paris","false","false","","25 | 27 Rue de l'Arbre Sec | 75001 Paris","Tourist attraction | Cultural landmark","","","","","","","",""
"0x47e66fd04c1517a1:0x90a80696fb66ccab","","Winston Churchill Statue","Winston Churchill Statue, 13 Av. Winston Churchill, 75008 Paris","48.8653111","2.3140278","","4.6","Europe/Paris","","ChIJoRcVTNBv5kcRq8xm-5YGqJA","https://www.google.com/maps/place/data=!3m1!4b1!4m2!3m1!1s0x47e66fd04c1517a1:0x90a80696fb66ccab","","Paris","false","false","","13 Av. Winston Churchill | 75008 Paris","Monument | Historical landmark | Memorial | Tourist attraction","","","","","","","",""
"0x47e671005351c5bd:0x42f8c16657f6dea1","","Tours de la cathédrale Notre-Dame de Paris","Tours de la cathédrale Notre-Dame de Paris, 6 Parvis Notre-Dame - Pl. Jean-Paul II, 75004 Paris","48.853124699999995","2.3491068","","4.5","Europe/Paris","https://www.tours-notre-dame-de-paris.fr/","ChIJvcVRUwBx5kcRod72V2bB-EI","https://www.google.com/maps/place/data=!3m1!4b1!4m2!3m1!1s0x47e671005351c5bd:0x42f8c16657f6dea1","","Paris","false","false","","6 Parvis Notre-Dame - Pl. Jean-Paul II | 75004 Paris","Cultural landmark","","","","","","","",""
"0x47e66e16ea6dff55:0xdb16f57b8cfdfd5f","0142336574","Church of Notre-Dame de Bonne-Nouvelle","Church of Notre-Dame de Bonne-Nouvelle, 25 Rue de la Lune, 75002 Paris","48.8697185","2.3499393","","4.5","Europe/Paris","https://www.ndbn.fr/","ChIJVf9t6hZu5kcRX_39jHv1Fts","https://www.google.com/maps/place/data=!3m1!4b1!4m2!3m1!1s0x47e66e16ea6dff55:0xdb16f57b8cfdfd5f","","Paris","true","true","","25 Rue de la Lune | 75002 Paris","Tourist attraction | Cultural landmark | Parish | Catholic church","","","","","","","",""
"0x47e66e5afabf90d1:0xe1467b6fc98166","","Buste de Dalida","Buste de Dalida, Rue de l'Abreuvoir, 75018 Paris","48.8885635","2.3380652","","4.4","Europe/Paris","https://fr.wikipedia.org/wiki/Place_Dalida","ChIJ0ZC_-lpu5kcRZoHJb3tG4QA","https://www.google.com/maps/place/data=!3m1!4b1!4m2!3m1!1s0x47e66e5afabf90d1:0xe1467b6fc98166","","Paris","false","true","","Rue de l'Abreuvoir | 75018 Paris","Monument | Historical landmark | Tourist attraction","Square with monument to iconic singer | Named for chanteuse Dalida, this square in her former neighborhood houses a bronze bust of the icon. |  | t | t","","","","","","",""
"0x47e671da980be207:0xae19519548d8f046","","Le Triomphe de Silène","Le Triomphe de Silène, 1 Rue Guynemer, 75006 Paris","48.8476612","2.3331513999999998","","4.6","Europe/Paris","","ChIJB-ILmNpx5kcRRvDYSJVRGa4","https://www.google.com/maps/place/data=!3m1!4b1!4m2!3m1!1s0x47e671da980be207:0xae19519548d8f046","","Paris","false","true","","1 Rue Guynemer | 75006 Paris","Monument | Tourist attraction","","","","","","","",""
"0x47e67104cb8f51b9:0x32b06b061af2a3cc","","Statue Anne de Bretagne","Statue Anne de Bretagne, Le Jardin du, 75006 Paris","48.846246099999995","2.337139","","4.3","Europe/Paris","","ChIJuVGPywRx5kcRzKPyGgZrsDI","https://www.google.com/maps/place/data=!3m1!4b1!4m2!3m1!1s0x47e67104cb8f51b9:0x32b06b061af2a3cc","","Paris","false","true","","Le Jardin du | 75006 Paris","Monument","","","","","","","",""
"0x47e6702046230a41:0xd0952bb85fbaf60e","","Monument to Human Rights","Monument to Human Rights, Av. Charles Risler, 75007 Paris","48.8552332","2.3011553","","4.4","Europe/Paris","","ChIJQQojRiBw5kcRDva6X7grldA","https://www.google.com/maps/place/data=!3m1!4b1!4m2!3m1!1s0x47e6702046230a41:0xd0952bb85fbaf60e","","Paris","false","false","","Av. Charles Risler | 75007 Paris","Historical landmark | Memorial","Grand memorial of the French Revolution | Installation of bronze statues & stone columns marking the 200th anniversary of the 1789 revolution. |  | t | t","","","","","","",""
"0x47e66fec70fb1d8f:0xd9b5676e112e643d","0155377377","Arc de Triomphe","Arc de Triomphe, Pl. Charles de Gaulle, 75008 Paris","48.8737917","2.2950274999999998","","4.7","Europe/Paris","https://www.paris-arc-de-triomphe.fr/","ChIJjx37cOxv5kcRPWQuEW5ntdk","https://www.google.com/maps/place/data=!3m1!4b1!4m2!3m1!1s0x47e66fec70fb1d8f:0xd9b5676e112e643d","","Paris","true","true","","Pl. Charles de Gaulle | 75008 Paris","Monument | Cultural landmark | Museum | Tourist attraction","Triumphal arch & national monument | Iconic triumphal arch built to commemorate Napoleon's victories, with an observation deck. |  | t | t","","","","","","",""
"0x47e66fcfdad9af49:0x24b88148803f9c33","","Statue du Général Charles de Gaulle","Statue du Général Charles de Gaulle, Pl. Clemenceau, 75008 Paris","48.8675005","2.3136058","","4.5","Europe/Paris","https://www.france-libre.net/statue-general-de-gaulle/","ChIJSa_Z2s9v5kcRM5w_gEiBuCQ","https://www.google.com/maps/place/data=!3m1!4b1!4m2!3m1!1s0x47e66fcfdad9af49:0x24b88148803f9c33","","Paris","false","false","","Pl. Clemenceau | 75008 Paris","Monument | Memorial | Historical landmark","","","","","","","",""
"0x47e66f1777541a8d:0xbadc61ef549cb182","0979097937","Atelier Ergon - Bureau d'études Monuments Historiques","Atelier Ergon - Bureau d'études Monuments Historiques, 168-170 Rue St Denis, 75002 Paris","48.8659943","2.3508951","","5","Europe/Paris","http://www.atelier-ergon.fr/","ChIJjRpUdxdv5kcRgrGcVO9h3Lo","https://www.google.com/maps/place/data=!3m1!4b1!4m2!3m1!1s0x47e66f1777541a8d:0xbadc61ef549cb182","","Paris","true","true","","168-170 Rue St Denis | 75002 Paris","Structural engineer","","","","","","","",""
"0x47e66de9601caaa1:0x1e1398b1bf19f9d4","","Belvédère de Belleville","Belvédère de Belleville, 27 Rue Piat, 75020 Paris","48.8715869","2.3849845999999997","","4.4","Europe/Paris","","ChIJoaocYOlt5kcR1PkZv7GYEx4","https://www.google.com/maps/place/data=!3m1!4b1!4m2!3m1!1s0x47e66de9601caaa1:0x1e1398b1bf19f9d4","","Paris","true","true","","27 Rue Piat | 75020 Paris","Tourist attraction | Cultural landmark | Scenic spot","Airy lookout spot with sweeping views | This open-air lookout spot in the Parc de Belleville offers sweeping views & street art. |  | t | t","","","","","","",""
"0x47e671fdabeb30bf:0x6e731a640e60cf15","","Hôtel de Sens","Hôtel de Sens, 7 Rue des Nonnains d'Hyères, 75004 Paris","48.8533683","2.3589476","","4.5","Europe/Paris","https://www.paris.fr/equipements/jardin-de-l-hotel-de-sens-2449","ChIJvzDrq_1x5kcRFc9gDmQac24","https://www.google.com/maps/place/data=!3m1!4b1!4m2!3m1!1s0x47e671fdabeb30bf:0x6e731a640e60cf15","","Paris","true","true","","7 Rue des Nonnains d'Hyères | 75004 Paris","Tourist attraction | Historical landmark | Garden","Turreted & gabled 16th-century mansion | Gothic-style villa with gables, turrets & formal gardens, plus art books in the Forney Library. |  | t | t","","","","","","",""
"0x47e66e34d6478017:0x54421535a41e89d7","0142653580","Chapelle expiatoire","Chapelle expiatoire, 29 Rue Pasquier, 75008 Paris","48.873737899999995","2.3233257","","4.4","Europe/Paris","http://chapelle-expiatoire.monuments-nationaux.fr/","ChIJF4BH1jRu5kcR14kepDUVQlQ","https://www.google.com/maps/place/data=!3m1!4b1!4m2!3m1!1s0x47e66e34d6478017:0x54421535a41e89d7","","Paris","true","true","","29 Rue Pasquier | 75008 Paris","Tourist attraction | Chapel","Tiny chapel honoring the royal family | Neoclassical chapel dedicated to King Louis XVI & Queen Marie Antoinette in tranquil surrounds. |  | t | t","","","","","","",""
"0x47e66e0230ec5753:0x9c9c3e03be2ef2aa","","Hotel Sandreville","Hotel Sandreville, 26 Rue des Francs Bourgeois, 75003 Paris","48.857876499999996","2.3605237999999997","","3.8","Europe/Paris","","ChIJU1fsMAJu5kcRqvIuvgM-nJw","https://www.google.com/maps/place/data=!3m1!4b1!4m2!3m1!1s0x47e66e0230ec5753:0x9c9c3e03be2ef2aa","","Paris","false","false","","26 Rue des Francs Bourgeois | 75003 Paris","Tourist attraction | Historical landmark","","","","","","","",""
"0x47e66551915a7d57:0xcbf63e8667cc66eb","","Monument Pierre 1er de Serbie et Alexandre 1er de Yougoslavie","Monument Pierre 1er de Serbie et Alexandre 1er de Yougoslavie, 3030 Sq. Alexandre 1er de Yougoslavie, 75116 Paris","48.8634768","2.2681386","","4.7","Europe/Paris","","ChIJV31akVFl5kcR62bMZ4Y-9ss","https://www.google.com/maps/place/data=!3m1!4b1!4m2!3m1!1s0x47e66551915a7d57:0xcbf63e8667cc66eb","","Paris","false","false","","3030 Sq. Alexandre 1er de Yougoslavie | 75116 Paris","Historical landmark | Sculpture","","","","","","","",""
"0x47e66e279e05e93f:0x2130110374f401f","","Statue De Voltaire","Statue De Voltaire, 2 Rue de Seine, 75006 Paris","48.8573625","2.3360829","","5","Europe/Paris","","ChIJP-kFnidu5kcRH0BPNxABEwI","https://www.google.com/maps/place/data=!3m1!4b1!4m2!3m1!1s0x47e66e279e05e93f:0x2130110374f401f","","Paris","false","true","","2 Rue de Seine | 75006 Paris","Monument","","","","","","","",""
"0x47e66fdd852924ab:0xd73d632037c2fb55","","Flame of Liberty","Flame of Liberty, Pl. de l'Alma, 75008 Paris","48.8641873","2.3008751999999997","","4.5","Europe/Paris","","ChIJqyQphd1v5kcRVfvCNyBjPdc","https://www.google.com/maps/place/data=!3m1!4b1!4m2!3m1!1s0x47e66fdd852924ab:0xd73d632037c2fb55","","Paris","false","false","","Pl. de l'Alma | 75008 Paris","Monument | Tourist attraction","Golden replica of Lady Liberty's torch | Gold-leafed torch & unofficial Diana memorial, built to commemorate American/French friendship. |  | t | t","","","","","","",""
"0x47e671dc8f6abbab:0x71e794c6d8aa7951","","Monument aux morts de la guerre franco-prussienne","Monument aux morts de la guerre franco-prussienne, Pl. de Fontenoy-Unesco, 75007 Paris","48.8508414","2.3060783","","4.2","Europe/Paris","","ChIJq7tqj9xx5kcRUXmq2MaU53E","https://www.google.com/maps/place/data=!3m1!4b1!4m2!3m1!1s0x47e671dc8f6abbab:0x71e794c6d8aa7951","","Paris","false","false","","Pl. de Fontenoy-Unesco | 75007 Paris","Historical landmark | Memorial","","","","","","","",""
"0x47e66f006d3ec763:0x6db415e698b6f5b7","","Luís de Camões Monument","Luís de Camões Monument, 2 Av. de Camoens, 75116 Paris","48.859408699999996","2.2870683","","4.7","Europe/Paris","","ChIJY8c-bQBv5kcRt_W2mOYVtG0","https://www.google.com/maps/place/data=!3m1!4b1!4m2!3m1!1s0x47e66f006d3ec763:0x6db415e698b6f5b7","","Paris","false","false","","2 Av. de Camoens | 75116 Paris","Historical landmark","","","","","","","",""
"0x47e66f3903f46c5b:0x543f14bbc21d42cf","","Monument à la mémoire d'Aristide Briand","Monument à la mémoire d'Aristide Briand, 35 Quai d'Orsay, 75007 Paris","48.8627015","2.3167352","","4.8","Europe/Paris","","ChIJW2z0Azlv5kcRz0IdwrsUP1Q","https://www.google.com/maps/place/data=!3m1!4b1!4m2!3m1!1s0x47e66f3903f46c5b:0x543f14bbc21d42cf","","Paris","false","false","","35 Quai d'Orsay | 75007 Paris","Historical landmark","","","","","","","",""
"0x47e671d32eddad23:0xc3e3110ea4f3494e","","Fontaine Egyptienne dite du Fellah","Fontaine Egyptienne dite du Fellah, 42 Rue de Sèvres, 75007 Paris","48.8487891","2.3210804","","4.1","Europe/Paris","","ChIJI63dLtNx5kcRTknzpA4R48M","https://www.google.com/maps/place/data=!3m1!4b1!4m2!3m1!1s0x47e671d32eddad23:0xc3e3110ea4f3494e","","Paris","false","false","","42 Rue de Sèvres | 75007 Paris","Historical landmark","","","","","","","",""
"0x47e66f85286b9b6b:0xd7dd017f5d9f0aec","","Monument en Souvenir de la Campagne de Tunisie 1942-1943","Monument en Souvenir de la Campagne de Tunisie 1942-1943, Esplanade Habib Bourguiba, 75007 Paris","48.8627083","2.3064994999999997","","4.4","Europe/Paris","","ChIJa5trKIVv5kcR7AqfXX8B3dc","https://www.google.com/maps/place/data=!3m1!4b1!4m2!3m1!1s0x47e66f85286b9b6b:0xd7dd017f5d9f0aec","","Paris","false","false","","Esplanade Habib Bourguiba | 75007 Paris","Historical landmark","","","","","","","",""
"0x47e670216e0153e9:0xedd60748ba3023c3","","Statue of Marshal Joseph Joffre","Statue of Marshal Joseph Joffre, 1 Pl. Joffre, 75007 Paris","48.8529032","2.3028846","","4.6","Europe/Paris","","ChIJ6VMBbiFw5kcRwyMwukgH1u0","https://www.google.com/maps/place/data=!3m1!4b1!4m2!3m1!1s0x47e670216e0153e9:0xedd60748ba3023c3","","Paris","false","false","","1 Pl. Joffre | 75007 Paris","Monument | Memorial | Historical landmark","","","","","","","",""
"0x47e66f5ac938dfbf:0xb82cf0aad882d515","","Monument aux Agents du Réseau de l'Est morts pour la Patrie","Monument aux Agents du Réseau de l'Est morts pour la Patrie, Rue d'Alsace, 75010 Paris","48.8773218","2.3583963","","","Europe/Paris","","ChIJv984yVpv5kcRFdWC2KrwLLg","https://www.google.com/maps/place/data=!3m1!4b1!4m2!3m1!1s0x47e66f5ac938dfbf:0xb82cf0aad882d515","","Paris","false","false","","Rue d'Alsace | 75010 Paris","Historical landmark","","","","","","","",""
"0x47e66fbbcf36eecf:0x41d1346445f01a6f","","Monument to Alexandre Dumas","Monument to Alexandre Dumas, Pl. du Général Catroux, 75017 Paris","48.8830254","2.3095220999999997","","4.5","Europe/Paris","https://www.paris.fr/equipements/pelouses-de-la-place-du-general-catroux-2822","ChIJz-42z7tv5kcRbxrwRWQ00UE","https://www.google.com/maps/place/data=!3m1!4b1!4m2!3m1!1s0x47e66fbbcf36eecf:0x41d1346445f01a6f","","Paris","false","false","","Pl. du Général Catroux | 75017 Paris","Monument | Historical landmark","","","","","","","",""
"0x47e66d8b68dae20f:0xd6a19b7b4f272546","0155258210","Héloïse and Abélard's tomb","Héloïse and Abélard's tomb, Cimetière du Père Lachaise, 16 Rue du Repos, 7ème division Chemin D'Héloise Et Abélard, 75020 Paris","48.8591925","2.3919163","","4.7","Europe/Paris","https://www.paris.fr/dossiers/bienvenue-au-cimetiere-du-pere-lachaise-47","ChIJD-LaaItt5kcRRiUnT3ubodY","https://www.google.com/maps/place/data=!3m1!4b1!4m2!3m1!1s0x47e66d8b68dae20f:0xd6a19b7b4f272546","","Paris","true","true","","Cimetière du Père Lachaise, 16 Rue du Repos, 7ème division Chemin D'Héloise Et Abélard | 75020 Paris","Tourist attraction | Cultural landmark | Memorial","","","","","","","",""
"0x47e66f97f39e6e53:0xdbc282cb42878255","","Monument to Eugène Flachat","Monument to Eugène Flachat, 5 Rue Verniquet, 75017 Paris","48.886944899999996","2.3007711","","3.8","Europe/Paris","","ChIJU26e85dv5kcRVYKHQsuCwts","https://www.google.com/maps/place/data=!3m1!4b1!4m2!3m1!1s0x47e66f97f39e6e53:0xdbc282cb42878255","","Paris","false","false","","5 Rue Verniquet | 75017 Paris","Historical landmark","","","","","","","",""
"0x47e66fcf0f6d1339:0x3e7b49d2037db798","","Solidarność Monument","Solidarność Monument, 75007 Paris","48.858918499999994","2.314084","","4","Europe/Paris","","ChIJORNtD89v5kcRmLd9A9JJez4","https://www.google.com/maps/place/data=!3m1!4b1!4m2!3m1!1s0x47e66fcf0f6d1339:0x3e7b49d2037db798","","Paris","false","false","","75007 Paris","Historical landmark","","","","","","","",""
"0x47e66ffb5ba4a509:0x427aa27464ade6a1","","Palais de Chaillot","Palais de Chaillot, 1 Pl. du Trocadéro et du 11 Novembre, 75016 Paris","48.8623687","2.2881511999999997","","4.6","Europe/Paris","https://www.parisinfo.com/musee-monument-paris/118358/Palais-de-Chaillot","ChIJCaWkW_tv5kcRoeatZHSiekI","https://www.google.com/maps/place/data=!3m1!4b1!4m2!3m1!1s0x47e66ffb5ba4a509:0x427aa27464ade6a1","","Paris","false","false","","1 Pl. du Trocadéro et du 11 Novembre | 75016 Paris","Monument | Historical landmark | Tourist attraction","Grand museum complex & esplanade | Architectural, naval & ethnographic museums, above fountains & gardens with Eiffel Tower views. |  | t | t","","","","","","",""
"0x47e671839b974253:0xaa40ae8985336262","","Jardin du Monument aux Mères Françaises","Jardin du Monument aux Mères Françaises, 21 Bd Kellermann, 75013 Paris","48.8198826","2.3564914","","3.7","Europe/Paris","http://equipement.paris.fr/jardin-du-monument-aux-meres-francaises-2564#local-calendar","ChIJU0KXm4Nx5kcRYmIzhYmuQKo","https://www.google.com/maps/place/data=!3m1!4b1!4m2!3m1!1s0x47e671839b974253:0xaa40ae8985336262","","Paris","true","true","","21 Bd Kellermann | 75013 Paris","Tourist attraction | City park | Garden","Monument to mothers widowed in WWI | Tree-lined park surrounding a monument dedicated to the mothers who lost their spouses in WWI. |  | t | t","","","","","","",""
"0x47e671c9cb929865:0x59a3755a22bccab0","","Cenotaph of Baudelaire","Cenotaph of Baudelaire, Cimetière du Montparnasse, 75014 Paris","48.837396999999996","2.3286065","","4.5","Europe/Paris","https://cimetiere-montparnasse.com/tombe/tombe-charles-baudelaire/","ChIJZZiSy8lx5kcRsMq8Ilp1o1k","https://www.google.com/maps/place/data=!3m1!4b1!4m2!3m1!1s0x47e671c9cb929865:0x59a3755a22bccab0","","Paris","false","true","","Cimetière du Montparnasse | 75014 Paris","Monument","","","","","","","",""
"0x47e66e1e5e72161b:0xe085e8b2d3c0632e","0178902667","Tour Saint-Jacques","Tour Saint-Jacques, Square de la Tour Saint-Jacques, 75004 Paris","48.858068499999995","2.3489071999999998","","4.5","Europe/Paris","http://www.toursaintjacques.fr/","ChIJGxZyXh5u5kcRLmPA07LoheA","https://www.google.com/maps/place/data=!3m1!4b1!4m2!3m1!1s0x47e66e1e5e72161b:0xe085e8b2d3c0632e","","Paris","true","true","","Square de la Tour Saint-Jacques | 75004 Paris","Monument | Historical place | Tourist attraction","Gothic tower & last remains of church | The only remaining part of a 16th-century church that was destroyed during the French Revolution. |  | t | t","","","","","","",""
"0x47e66e4334868de3:0xcfc3870abe2b8519","0153418900","Basilique du Sacré-Cœur de Montmartre","Basilique du Sacré-Cœur de Montmartre, 35 Rue du Chevalier de la Barre, 75018 Paris","48.886704599999995","2.3431043","","4.7","Europe/Paris","https://www.sacre-coeur-montmartre.com/","ChIJ442GNENu5kcRGYUrvgqHw88","https://www.google.com/maps/place/data=!3m1!4b1!4m2!3m1!1s0x47e66e4334868de3:0xcfc3870abe2b8519","","Paris","true","true","","35 Rue du Chevalier de la Barre | 75018 Paris","Monument | Catholic church | Basilica | Tourist attraction","Landmark hilltop white basilica | Iconic, domed white church, completed in 1914, with interior mosaics, stained-glass windows & crypt. |  | t | t","","","","","","",""
"0x47e66fb8e925393b:0x1359aae59b27aa9b","","Monument au Général Diego Brosset","Monument au Général Diego Brosset, Prom. d'Australie, 75015 Paris","48.8550152","2.2890029","","4.8","Europe/Paris","","ChIJOzkl6bhv5kcRm6onm-WqWRM","https://www.google.com/maps/place/data=!3m1!4b1!4m2!3m1!1s0x47e66fb8e925393b:0x1359aae59b27aa9b","","Paris","false","false","","Prom. d'Australie | 75015 Paris","Historical landmark","","","","","","","",""
"0x47e671a381d868ed:0xfbf9e65837f0fb11","","Colonne de la Paix Armée","Colonne de la Paix Armée, 48 Av. Reille, 75014 Paris","48.8236707","2.3363837999999997","","4.5","Europe/Paris","","ChIJ7WjYgaNx5kcREfvwN1jm-fs","https://www.google.com/maps/place/data=!3m1!4b1!4m2!3m1!1s0x47e671a381d868ed:0xfbf9e65837f0fb11","","Paris","false","false","","48 Av. Reille | 75014 Paris","Tourist attraction | Sculpture","","","","","","","",""
"0x47e66fe8ac54858f:0xeb9efc8e1481a0b9","","Monument aux Volontaires américains","Monument aux Volontaires américains, 1 Pl. des États-Unis, 75116 Paris","48.8677517","2.2950301","","4.7","Europe/Paris","","ChIJj4VUrOhv5kcRuaCBFI78nus","https://www.google.com/maps/place/data=!3m1!4b1!4m2!3m1!1s0x47e66fe8ac54858f:0xeb9efc8e1481a0b9","","Paris","false","false","","1 Pl. des États-Unis | 75116 Paris","Historical landmark","","","","","","","",""
"0x47e671cf211e2f9d:0x547f6ffb3c1674fb","","Monument to Balzac","Monument to Balzac, 136 Bd Raspail, 75006 Paris","48.8424623","2.3294573","","4.1","Europe/Paris","https://www.openstreetmap.org/node/3353269125","ChIJnS8eIc9x5kcR-3QWPPtvf1Q","https://www.google.com/maps/place/data=!3m1!4b1!4m2!3m1!1s0x47e671cf211e2f9d:0x547f6ffb3c1674fb","","Paris","false","false","","136 Bd Raspail | 75006 Paris","Tourist attraction | Sculpture","Rodin statue of an iconic French writer | One of several casts of an Auguste Rodin statue depicting the famous French writer in monk's robes. |  | t | t","","","","","","",""
"0x47e672bce3f88169:0xdd022654373467c7","0148083120","Château de Vincennes","Château de Vincennes, Av. de Paris, 94300 Vincennes","48.8443305","2.436331","","4.5","Europe/Paris","https://www.chateau-de-vincennes.fr/","ChIJaYH447xy5kcRx2c0N1QmAt0","https://www.google.com/maps/place/data=!3m1!4b1!4m2!3m1!1s0x47e672bce3f88169:0xdd022654373467c7","","Vincennes","true","true","","Av. de Paris | 94300 Vincennes","Tourist attraction | Cultural landmark | Historical landmark | Castle","14th-century castle with guided tours | Huge 14th-century castle with a moat, towers, a pavilion & state rooms, plus guided tours daily. |  | t | t","","","","","","",""
"0x47e66e2964e34e2d:0x8ddca9ee380ef7e0","","Eiffel Tower","Eiffel Tower, Av. Gustave Eiffel, 75007 Paris","48.858370099999995","2.2944812999999997","","4.7","Europe/Paris","https://www.toureiffel.paris/fr","ChIJLU7jZClu5kcR4PcOOO6p3I0","https://www.google.com/maps/place/data=!3m1!4b1!4m2!3m1!1s0x47e66e2964e34e2d:0x8ddca9ee380ef7e0","","Paris","true","true","","Av. Gustave Eiffel | 75007 Paris","Monument | Historical landmark | Tourist attraction","Landmark 330m-high 19th-century tower | Gustave Eiffel's iconic, wrought-iron 1889 tower, with steps and elevators to observation decks. |  | t | t","","","","","","",""
"0x47e66f003fe4aa59:0x7726b0f8b6f12cc3","","Monument à la mémoire des agents du métropolitain morts pour la France","Monument à la mémoire des agents du métropolitain morts pour la France, 2 Bd Haussmann, 75009 Paris","48.8719891","2.3396315999999997","","4","Europe/Paris","","ChIJWarkPwBv5kcRwyzxtviwJnc","https://www.google.com/maps/place/data=!3m1!4b1!4m2!3m1!1s0x47e66f003fe4aa59:0x7726b0f8b6f12cc3","","Paris","false","false","","2 Bd Haussmann | 75009 Paris","Cultural landmark","","","","","","","",""
"0x47e67124644bd17b:0x8b809eff0fac36c4","","Monument à Delacroix - Aimé-Jules Dalou","Monument à Delacroix - Aimé-Jules Dalou, 75006 Paris","48.848158","2.3355847","","4.8","Europe/Paris","","ChIJe9FLZCRx5kcRxDasD_-egIs","https://www.google.com/maps/place/data=!3m1!4b1!4m2!3m1!1s0x47e67124644bd17b:0x8b809eff0fac36c4","","Paris","false","false","","75006 Paris","Sculpture","","","","","","","",""
"0x47e66fddbf0f1481:0xaa4fd458e3c05e2b","","Alma's bridge - Diana","Alma's bridge - Diana, Pont de l'Alma, 75008 Paris","48.8634893","2.3017993999999997","","4.5","Europe/Paris","","ChIJgRQPv91v5kcRK17A41jUT6o","https://www.google.com/maps/place/data=!3m1!4b1!4m2!3m1!1s0x47e66fddbf0f1481:0xaa4fd458e3c05e2b","","Paris","false","false","","Pont de l'Alma | 75008 Paris","Bridge | Attraction | Monument | Tourist attraction","Arched bridge named for a war victory | This slender bridge on the River Seine was named to commemorate a victory in battle over Russia. |  | t | t","","","","","","",""
"0x47e66d28d3c5adaf:0x8155111527ada35b","","Monument funéraire de Cartellier-Heim","Monument funéraire de Cartellier-Heim, Av. de la Chapelle, 75020 Paris","48.861433","2.3925712","","","Europe/Paris","","ChIJr63F0yht5kcRW6OtJxURVYE","https://www.google.com/maps/place/data=!3m1!4b1!4m2!3m1!1s0x47e66d28d3c5adaf:0x8155111527ada35b","","Paris","false","true","","Av. de la Chapelle | 75020 Paris","Monument","","","","","","","",""
"0x47e66d114dd372ab:0x423672bc7eb98976","","Edith Piaf Statue","Edith Piaf Statue, Pl. Edith Piaf, 75020 Paris","48.864838899999995","2.4053058","","4","Europe/Paris","","ChIJq3LTTRFt5kcRdom5frxyNkI","https://www.google.com/maps/place/data=!3m1!4b1!4m2!3m1!1s0x47e66d114dd372ab:0x423672bc7eb98976","","Paris","false","false","","Pl. Edith Piaf | 75020 Paris","Tourist attraction","","","","","","","",""
"0x47e671e03de6103d:0xd753efc0beef7570","0144612000","Hôtel Béthune-Sully","Hôtel Béthune-Sully, 62 Rue Saint-Antoine, 75004 Paris","48.8543941","2.3637542","","4.1","Europe/Paris","http://www.hotel-de-sully.fr/","ChIJPRDmPeBx5kcRcHXvvsDvU9c","https://www.google.com/maps/place/data=!3m1!4b1!4m2!3m1!1s0x47e671e03de6103d:0xd753efc0beef7570","","Paris","false","false","","62 Rue Saint-Antoine | 75004 Paris","Cultural landmark","","","","","","","",""
"0x47e671de255fbf33:0xbb48b3d09fcc48c4","","Fontaine Saint-Michel","Fontaine Saint-Michel, Pl. Saint-Michel, 75005 Paris","48.853237199999995","2.3437736","","4.4","Europe/Paris","","ChIJM79fJd5x5kcRxEjMn9CzSLs","https://www.google.com/maps/place/data=!3m1!4b1!4m2!3m1!1s0x47e671de255fbf33:0xbb48b3d09fcc48c4","","Paris","true","true","","Pl. Saint-Michel | 75005 Paris","Monument | Cultural landmark | Historical landmark | Fountain | Tourist attraction","Landmark fountain on a busy street | Stone fountain, opened in 1860, on a bustling junction and a popular Latin Quarter meeting point. |  | t | t","","","","","","",""
"0x47e66fe3405d7ecf:0xc03ac392486d25b5","0140721616","Place du Trocadero","Place du Trocadero, Pl. du Trocadéro et du 11 Novembre, 75016 Paris","48.8628748","2.2873248","","4.7","Europe/Paris","https://www.place-du-trocadero.fr/","ChIJz35dQONv5kcRtSVtSJLDOsA","https://www.google.com/maps/place/data=!3m1!4b1!4m2!3m1!1s0x47e66fe3405d7ecf:0xc03ac392486d25b5","","Paris","true","true","","Pl. du Trocadéro et du 11 Novembre | 75016 Paris","Plaza | Historical landmark | Tourist attraction","Open area with famed Eiffel Tower vistas | Paved open space anchored by a military monument & known for its dramatic views of the Eiffel Tower. |  | t | t","","","","","","",""
"0x47e66e30be632e5b:0x9f0090e78347b26a","0183621236","FlyView Paris","FlyView Paris, 30 Rue du 4 septembre, 75002 Paris","48.8703551","2.3333291","","4.1","Europe/Paris","https://www.flyview360.com/","ChIJWy5jvjBu5kcRarJHg-eQAJ8","https://www.google.com/maps/place/data=!3m1!4b1!4m2!3m1!1s0x47e66e30be632e5b:0x9f0090e78347b26a","","Paris","true","true","","30 Rue du 4 septembre | 75002 Paris","Tourist attraction","Virtual reality view of Paris from above | This virtual reality attraction simulates a flight above the Eiffel Tower & other Paris monuments. |  | t | t","","","","","","",""
"0x47e66f00623d5969:0xf1b736143fe32e36","","Monument à Albert I","Monument à Albert I, 75008 Paris","48.864623099999996","2.3182848","","","Europe/Paris","","ChIJaVk9YgBv5kcRNi7jPxQ2t_E","https://www.google.com/maps/place/data=!3m1!4b1!4m2!3m1!1s0x47e66f00623d5969:0xf1b736143fe32e36","","Paris","false","false","","75008 Paris","Historical landmark","","","","","","","",""
"0x47e66d79d38347a7:0xfdf1e30e0f0be66","","Monument funéraire de Joaquin Maria de Errazu","Monument funéraire de Joaquin Maria de Errazu, Av. de la Chapelle, 75020 Paris","48.8629156","2.39124","","4.8","Europe/Paris","http://www.paris.fr/perelachaise","ChIJp0eD03lt5kcRZr7w4DAe3w8","https://www.google.com/maps/place/data=!3m1!4b1!4m2!3m1!1s0x47e66d79d38347a7:0xfdf1e30e0f0be66","","Paris","false","false","","Av. de la Chapelle | 75020 Paris","Cemetery | Monument","","","","","","","",""
"0x47e6657ce4d2d6f3:0x616ecbe4517dd574","","Statue équestre du duc d'Orléans","Statue équestre du duc d'Orléans, 92200 Neuilly-sur-Seine","48.889687599999995","2.2764484","","4.8","Europe/Paris","https://www.neuillysurseine.fr/page/statue-equestre-du-duc-dorleans","ChIJ89bS5Hxl5kcRdNV9UeTLbmE","https://www.google.com/maps/place/data=!3m1!4b1!4m2!3m1!1s0x47e6657ce4d2d6f3:0x616ecbe4517dd574","","Neuilly-sur-Seine","false","false","","92200 Neuilly-sur-Seine","Monument | Historical landmark","","","","","","","",""
"0x47e66d00715420db:0x22f34052b222bdc1","","Monument aux morts des Lilas","Monument aux morts des Lilas, 93260 Les Lilas","48.882487499999996","2.4117593999999998","","5","Europe/Paris","","ChIJ2yBUcQBt5kcRwb0islJA8yI","https://www.google.com/maps/place/data=!3m1!4b1!4m2!3m1!1s0x47e66d00715420db:0x22f34052b222bdc1","","Les Lilas","false","false","","93260 Les Lilas","Historical landmark","","","","","","","",""
"0x47e665327114a483:0x579a01a67a988e40","","Monument de la Cascade du Bois de Boulogne","Monument de la Cascade du Bois de Boulogne, Bois de Boulogne, 75016 Paris","48.8616415","2.2442485999999997","","4.3","Europe/Paris","","ChIJg6QUcTJl5kcRQI6YeqYBmlc","https://www.google.com/maps/place/data=!3m1!4b1!4m2!3m1!1s0x47e665327114a483:0x579a01a67a988e40","","Paris","false","false","","Bois de Boulogne | 75016 Paris","Monument | Historical landmark | Tourist attraction","","","","","","","",""
"0x47e66fdc62dd0471:0x1995cbb75069dfdb","","Adam Mickiewicz Monument","Adam Mickiewicz Monument, Cr Albert 1er, 75008 Paris","48.8643268","2.3049469","","4.7","Europe/Paris","","ChIJcQTdYtxv5kcR299pULfLlRk","https://www.google.com/maps/place/data=!3m1!4b1!4m2!3m1!1s0x47e66fdc62dd0471:0x1995cbb75069dfdb","","Paris","false","false","","Cr Albert 1er | 75008 Paris","Historical landmark | Sculpture","","","","","","","",""
"0x47e66ffefa621f7d:0x75b2b65129396db8","","Monument à Louise Michel","Monument à Louise Michel, 105 Rue du Président Wilson, 92300 Levallois-Perret","48.896076799999996","2.2863347","","4.7","Europe/Paris","https://e-monumen.net/patrimoine-monumental/monument-a-louise-michel-levallois-perret-2/","ChIJfR9i-v5v5kcRuG05KVG2snU","https://www.google.com/maps/place/data=!3m1!4b1!4m2!3m1!1s0x47e66ffefa621f7d:0x75b2b65129396db8","","Levallois-Perret","false","false","","105 Rue du Président Wilson | 92300 Levallois-Perret","Historical landmark","","","","","","","",""
"0x47e66e3261b1ed53:0xdd7beaefb40528ef","0140822673","Grand Synagogue of Paris","Grand Synagogue of Paris, 44 Rue de la Victoire, 75009 Paris","48.8753944","2.3364316","","4.6","Europe/Paris","http://www.lavictoire.org/","ChIJU-2xYTJu5kcR7ygFtO_qe90","https://www.google.com/maps/place/data=!3m1!4b1!4m2!3m1!1s0x47e66e3261b1ed53:0xdd7beaefb40528ef","","Paris","true","true","","44 Rue de la Victoire | 75009 Paris","Tourist attraction | Synagogue","Main synagogue & chief rabbi seat | Landmark 1,800-seat synagogue built in 1874 & seat of French chief rabbi, open for arranged visits. |  | t | t","","","","","","",""
"0x47e67b2ea1b91fab:0x9e825199e886076","","Monument aux victimes de la guerre 1914-1918","Monument aux victimes de la guerre 1914-1918, 92130 Issy-les-Moulineaux","48.8253591","2.2731695","","4.5","Europe/Paris","","ChIJqx-5oS575kcRdmCInhkl6Ak","https://www.google.com/maps/place/data=!3m1!4b1!4m2!3m1!1s0x47e67b2ea1b91fab:0x9e825199e886076","","Issy-les-Moulineaux","false","false","","92130 Issy-les-Moulineaux","Historical landmark","","","","","","","",""
"0x47e6737ca1125929:0x84a8c7e621011c19","","Monument aux morts 1914-18 d'Ivry-sur-Seine","Monument aux morts 1914-18 d'Ivry-sur-Seine, Rue Bernard Palissy, 94200 Ivry-sur-Seine","48.8106599","2.3823178","","5","Europe/Paris","","ChIJKVkSoXxz5kcRGRwBIebHqIQ","https://www.google.com/maps/place/data=!3m1!4b1!4m2!3m1!1s0x47e6737ca1125929:0x84a8c7e621011c19","","Ivry-sur-Seine","false","false","","Rue Bernard Palissy | 94200 Ivry-sur-Seine","Historical landmark","","","","","","","",""
"0x47e66fd4b3d09dd9:0x5de4e192bc6b4067","","Hôtel Beauharnais","Hôtel Beauharnais, 78 Rue de Lille, 75007 Paris","48.8610587","2.3224415","","4.7","Europe/Paris","http://www.paris.diplo.de/","ChIJ2Z3Qs9Rv5kcRZ0BrvJLh5F0","https://www.google.com/maps/place/data=!3m1!4b1!4m2!3m1!1s0x47e66fd4b3d09dd9:0x5de4e192bc6b4067","","Paris","false","true","","78 Rue de Lille | 75007 Paris","Monument | Historical place | Tourist attraction","","","","","","","",""
"0x47e6730026e389d9:0x1ebcedb1dcd40b3a","","Place Félix Éboué","Place Félix Éboué, Pl. Félix Éboué, 75012 Paris","48.8398076","2.395269","","3.2","Europe/Paris","https://place-felix-eboue.fr/","ChIJ2YnjJgBz5kcROgvU3LHtvB4","https://www.google.com/maps/place/data=!3m1!4b1!4m2!3m1!1s0x47e6730026e389d9:0x1ebcedb1dcd40b3a","","Paris","false","false","","Pl. Félix Éboué | 75012 Paris","Tourist attraction","","","","","","","",""
"0x47e67025ccad000b:0x842a4cecca228f71","","Ancien Ministère De La Marine Marchande","Ancien Ministère De La Marine Marchande, 25 Rue d'Estrées, 75007 Paris","48.8507063","2.3073197999999997","","","Europe/Paris","","ChIJCwCtzCVw5kcRcY8iyuxMKoQ","https://www.google.com/maps/place/data=!3m1!4b1!4m2!3m1!1s0x47e67025ccad000b:0x842a4cecca228f71","","Paris","false","true","","25 Rue d'Estrées | 75007 Paris","Monument","","","","","","","",""
"0x47e66fd048eedcd1:0x499b45575147a06b","0144131717","Grand Palais","Grand Palais, 75008 Paris","48.866109099999996","2.3124544","","4.5","Europe/Paris","https://www.grandpalais.fr/","ChIJ0dzuSNBv5kcRa6BHUVdFm0k","https://www.google.com/maps/place/data=!3m1!4b1!4m2!3m1!1s0x47e66fd048eedcd1:0x499b45575147a06b","","Paris","true","true","","75008 Paris","Monument | Art gallery | Museum | Tourist attraction","1900 exhibition hall with glass roof | Art nouveau hall with domed glass roof, built in 1900, hosting exhibitions and cultural events. |  | t | t","","","","","","",""
"0x47e66d004cb88dd9:0xe065f39d16ca613c","","Monument aux morts de Pantin","Monument aux morts de Pantin, 1 Rue des Pommiers, 93500 Pantin","48.8856554","2.4157767","","5","Europe/Paris","","ChIJ2Y24TABt5kcRPGHKFp3zZeA","https://www.google.com/maps/place/data=!3m1!4b1!4m2!3m1!1s0x47e66d004cb88dd9:0xe065f39d16ca613c","","Pantin","false","false","","1 Rue des Pommiers | 93500 Pantin","Historical landmark","","","","","","","",""
"0x47e66f0017606f8d:0x8ff739947ee924a1","","Monument aux morts de Saint-Ouen-sur-Seine","Monument aux morts de Saint-Ouen-sur-Seine, 93400 Saint-Ouen-sur-Seine","48.9118269","2.3341556","","5","Europe/Paris","","ChIJjW9gFwBv5kcRoSTpfpQ5948","https://www.google.com/maps/place/data=!3m1!4b1!4m2!3m1!1s0x47e66f0017606f8d:0x8ff739947ee924a1","","Saint-Ouen-sur-Seine","false","false","","93400 Saint-Ouen-sur-Seine","Historical landmark","","","","","","","",""
"0x47e6704396530349:0xe5a2f3d5eebefb59","","Emile Decroix Memorial","Emile Decroix Memorial, 135 Rue Castagnary, 75015 Paris","48.8302111","2.3018076","","4.7","Europe/Paris","","ChIJSQNTlkNw5kcRWfu-7tXzouU","https://www.google.com/maps/place/data=!3m1!4b1!4m2!3m1!1s0x47e6704396530349:0xe5a2f3d5eebefb59","","Paris","false","true","","135 Rue Castagnary | 75015 Paris","Monument","","","","","","","",""
"0x47e66e1c09b820a3:0xb7ac6c7e59dc3345","0144781233","The Centre Pompidou","The Centre Pompidou, Place Georges-Pompidou, 75004 Paris","48.860642","2.352245","","4.4","Europe/Paris","https://www.centrepompidou.fr/fr/","ChIJoyC4CRxu5kcRRTPcWX5srLc","https://www.google.com/maps/place/data=!3m1!4b1!4m2!3m1!1s0x47e66e1c09b820a3:0xb7ac6c7e59dc3345","","Paris","true","true","","Place Georges-Pompidou | 75004 Paris","Tourist attraction | Art museum | Cultural landmark | Modern art museum | Movie theater | Museum | National library | Performing arts theater | Cultural center","Avant-garde multicultural complex | Architecturally avant-garde complex housing National Museum of Modern Art, library and music center. |  | t | t","","","","","","",""
"0x47e66fbf25855321:0x199897b6d9e1bc80","","Statue de Frédéric Chopin","Statue de Frédéric Chopin, 75008 Paris","48.8794276","2.3061392","","4.6","Europe/Paris","","ChIJIVOFJb9v5kcRgLzh2baXmBk","https://www.google.com/maps/place/data=!3m1!4b1!4m2!3m1!1s0x47e66fbf25855321:0x199897b6d9e1bc80","","Paris","false","true","","75008 Paris","Monument","","","","","","","",""
"0x47e6727d02f1f1ad:0xadde7d188d4b7a1a","","Sculpture Du Chat","Sculpture Du Chat, 3 Pass. de la Voûte, 75012 Paris","48.846777599999996","2.408553","","3.6","Europe/Paris","","ChIJrfHxAn1y5kcRGnpLjRh93q0","https://www.google.com/maps/place/data=!3m1!4b1!4m2!3m1!1s0x47e6727d02f1f1ad:0xadde7d188d4b7a1a","","Paris","false","true","","3 Pass. de la Voûte | 75012 Paris","Monument","","","","","","","",""
"0x47e673005b10f41d:0x39606b8c9bb6ceb8","","Monument en hommage au Général de Gaulle","Monument en hommage au Général de Gaulle, 2 Av. du Professeur Cadiot, 94700 Maisons-Alfort","48.8067791","2.4260398999999997","","","Europe/Paris","","ChIJHfQQWwBz5kcRuM62m4xrYDk","https://www.google.com/maps/place/data=!3m1!4b1!4m2!3m1!1s0x47e673005b10f41d:0x39606b8c9bb6ceb8","","Maisons-Alfort","false","false","","2 Av. du Professeur Cadiot | 94700 Maisons-Alfort","Historical landmark","","","","","","","",""
"0x47e673005b01ef87:0x54b774bf421abe4","","Maison classée monument historique","Maison classée monument historique, 35 Av. Daumesnil, 94160 Saint-Mandé","48.834835999999996","2.418052","","","Europe/Paris","","ChIJh-8BWwBz5kcR5Ksh9Et3SwU","https://www.google.com/maps/place/data=!3m1!4b1!4m2!3m1!1s0x47e673005b01ef87:0x54b774bf421abe4","","Saint-Mandé","false","false","","35 Av. Daumesnil | 94160 Saint-Mandé","Tourist attraction","","","","","","","",""
"0x47e665003d6a84e1:0x4434cd63cc7706a2","","Monument Jean de Lattre de Tassigny","Monument Jean de Lattre de Tassigny, 75116 Paris","48.871703","2.2757204","","","Europe/Paris","","ChIJ4YRqPQBl5kcRogZ3zGPNNEQ","https://www.google.com/maps/place/data=!3m1!4b1!4m2!3m1!1s0x47e665003d6a84e1:0x4434cd63cc7706a2","","Paris","false","false","","75116 Paris","Tourist attraction","","","","","","","",""
"0x47e66d0001f10bf7:0x7bc8ca526a0b85f0","","Hôtel monument historique","Hôtel monument historique, 57-59 Rue Charles Auray, 93500 Pantin","48.8877336","2.4175865","","","Europe/Paris","","ChIJ9wvxAQBt5kcR8IULalLKyHs","https://www.google.com/maps/place/data=!3m1!4b1!4m2!3m1!1s0x47e66d0001f10bf7:0x7bc8ca526a0b85f0","","Pantin","false","false","","57-59 Rue Charles Auray | 93500 Pantin","Tourist attraction","","","","","","","",""
"0x47e67300470a94eb:0xee191f706e9d2be9","","Tour Raspail classée monument historique","Tour Raspail classée monument historique, 4 Rue Raspail, 94200 Ivry-sur-Seine","48.81194","2.38652","","","Europe/Paris","","ChIJ65QKRwBz5kcR6SudbnAfGe4","https://www.google.com/maps/place/data=!3m1!4b1!4m2!3m1!1s0x47e67300470a94eb:0xee191f706e9d2be9","","Ivry-sur-Seine","false","false","","4 Rue Raspail | 94200 Ivry-sur-Seine","Tourist attraction","","","","","","","",""
"0x47e6737027f006fd:0xfda5e17a5e80a57b","","Grand Rocher du Parc Zoologique de Paris","Grand Rocher du Parc Zoologique de Paris, 75012 Paris","48.8337205","2.4195792","","4.6","Europe/Paris","http://parczoologiquedeparis.fr/","ChIJ_QbwJ3Bz5kcRe6WAXnrhpf0","https://www.google.com/maps/place/data=!3m1!4b1!4m2!3m1!1s0x47e6737027f006fd:0xfda5e17a5e80a57b","","Paris","false","false","","75012 Paris","Monument | Zoo","","","","","","","",""
"0x47e6732b7ed6fdf9:0xa07bdbb929647f8d","","Monument aux morts de Villejuif","Monument aux morts de Villejuif, 94800 Villejuif","48.792016499999995","2.363345","","3","Europe/Paris","","ChIJ-f3Wfitz5kcRjX9kKbnbe6A","https://www.google.com/maps/place/data=!3m1!4b1!4m2!3m1!1s0x47e6732b7ed6fdf9:0xa07bdbb929647f8d","","Villejuif","false","false","","94800 Villejuif","Historical landmark","","","","","","","",""
"0x47e66d0060eba4fd:0x3492eed87869cf32","","Monument/memorial bidonvilles","Monument/memorial bidonvilles, 93120 La Courneuve","48.931965399999996","2.3988358","","","Europe/Paris","","ChIJ_aTrYABt5kcRMs9peNjukjQ","https://www.google.com/maps/place/data=!3m1!4b1!4m2!3m1!1s0x47e66d0060eba4fd:0x3492eed87869cf32","","La Courneuve","false","false","","93120 La Courneuve","Historical landmark","","","","","","","",""
"0x47e66d003280c577:0xfc8949d5081b7907","","Monument aux morts de La Courneuve","Monument aux morts de La Courneuve, 1 Rue de la Convention, 93120 La Courneuve","48.9296505","2.3866851","","5","Europe/Paris","","ChIJd8WAMgBt5kcRB3kbCNVJifw","https://www.google.com/maps/place/data=!3m1!4b1!4m2!3m1!1s0x47e66d003280c577:0xfc8949d5081b7907","","La Courneuve","false","false","","1 Rue de la Convention | 93120 La Courneuve","Historical landmark","","","","","","","",""
"0x47e60d0076f4f601:0x2a31dc97d78d52a2","","Monument aux Indochinois morts","Monument aux Indochinois morts, 45 bis Av. de la Belle Gabrielle, 94130 Nogent-sur-Marne","48.834568","2.466911","","5","Europe/Paris","","ChIJAfb0dgAN5kcRolKN15fcMSo","https://www.google.com/maps/place/data=!3m1!4b1!4m2!3m1!1s0x47e60d0076f4f601:0x2a31dc97d78d52a2","","Nogent-sur-Marne","false","false","","45 bis Av. de la Belle Gabrielle | 94130 Nogent-sur-Marne","Historical landmark","","","","","","","",""
"0x47e60d0062a16ba3:0x1f27f1ff8685b1b0","","Fragments du monument ""A la gloire de l'expansion coloniale""","Fragments du monument ""A la gloire de l'expansion coloniale"", René Dumont Tropical Garden, 45 Av. de la Belle Gabrielle, 75012 Paris","48.8345523","2.4687946999999997","","4","Europe/Paris","","ChIJo2uhYgAN5kcRsLGFhv_xJx8","https://www.google.com/maps/place/data=!3m1!4b1!4m2!3m1!1s0x47e60d0062a16ba3:0x1f27f1ff8685b1b0","","Paris","false","false","","René Dumont Tropical Garden | 45 Av. de la Belle Gabrielle | 75012 Paris","Historical landmark","","","","","","","",""
"0x47e66502128aae1f:0x9dce86817f537c","","Grande Arche de la Défense","Grande Arche de la Défense, 1 Parv. de la Défense, 92800 Puteaux","48.8925978","2.2361120999999997","","4.4","Europe/Paris","","ChIJH66KEgJl5kcRfFN_gYbOnQA","https://www.google.com/maps/place/data=!3m1!4b1!4m2!3m1!1s0x47e66502128aae1f:0x9dce86817f537c","","Puteaux","true","true","","1 Parv. de la Défense | 92800 Puteaux","Monument | Corporate office | Cultural landmark | Tourist attraction","Cube-shaped architectural monument | 110m steel & stone monument in the shape of a hollow cube, illuminated at night. |  | t | t","","","","","","",""
"0x47e66f001e762923:0x87bb88b0bf433966","","Monument à Émile Levassor","Monument à Émile Levassor, 1 Bd Thierry de Martel, 75016 Paris","48.876618","2.2803506","","4","Europe/Paris","","ChIJIyl2HgBv5kcRZjlDv7CIu4c","https://www.google.com/maps/place/data=!3m1!4b1!4m2!3m1!1s0x47e66f001e762923:0x87bb88b0bf433966","","Paris","false","false","","1 Bd Thierry de Martel | 75016 Paris","Sculpture","","","","","","","",""
"0x47e60d0072969eab:0x2204dd1d28eaba8f","","Monument aux soldats noirs morts","Monument aux soldats noirs morts, 45 bis Av. de la Belle Gabrielle, 94130 Nogent-sur-Marne","48.833225999999996","2.466195","","5","Europe/Paris","","ChIJq56WcgAN5kcRj7rqKB3dBCI","https://www.google.com/maps/place/data=!3m1!4b1!4m2!3m1!1s0x47e60d0072969eab:0x2204dd1d28eaba8f","","Nogent-sur-Marne","false","false","","45 bis Av. de la Belle Gabrielle | 94130 Nogent-sur-Marne","Historical landmark","","","","","","","",""
"0x47e60d7080899bd7:0x781333883c149e8e","","Monument aux morts de Joinville-le-Pont","Monument aux morts de Joinville-le-Pont, Av. des Familles, 94340 Joinville-le-Pont","48.817473899999996","2.4794956999999997","","5","Europe/Paris","","ChIJ15uJgHAN5kcRjp4UPIgzE3g","https://www.google.com/maps/place/data=!3m1!4b1!4m2!3m1!1s0x47e60d7080899bd7:0x781333883c149e8e","","Joinville-le-Pont","false","false","","Av. des Familles | 94340 Joinville-le-Pont","Historical landmark","","","","","","","",""
"0x47e66b0004e37d07:0x1a01563870401897","","Battle of Le Bourget Monument","Battle of Le Bourget Monument, 93350 Le Bourget","48.9366771","2.4272074","","","Europe/Paris","","ChIJB33jBABr5kcRlxhAcDhWARo","https://www.google.com/maps/place/data=!3m1!4b1!4m2!3m1!1s0x47e66b0004e37d07:0x1a01563870401897","","Le Bourget","false","false","","93350 Le Bourget","Historical landmark","","","","","","","",""
"0x47e66fd5dde3ee0b:0x4e4cfd3907712f83","","Hotel de noirmoutier","Hotel de noirmoutier, 138 Rue de Grenelle, 75007 Paris","48.8581406","2.3169391","","4.7","Europe/Paris","","ChIJC-7j3dVv5kcRgy9xBzn9TE4","https://www.google.com/maps/place/data=!3m1!4b1!4m2!3m1!1s0x47e66fd5dde3ee0b:0x4e4cfd3907712f83","","Paris","false","false","","138 Rue de Grenelle | 75007 Paris","Historical landmark","","","","","","","",""
"0x47e67164e5bbc5f9:0x615a586884d99f8","","Monument de la Défense Nationale de 1870","Monument de la Défense Nationale de 1870, 92320 Châtillon","48.7959369","2.2761742","","3","Europe/Paris","","ChIJ-cW75WRx5kcR-JlNiIalFQY","https://www.google.com/maps/place/data=!3m1!4b1!4m2!3m1!1s0x47e67164e5bbc5f9:0x615a586884d99f8","","Châtillon","false","false","","92320 Châtillon","Historical landmark","","","","","","","",""
"0x47e671a7f0536da7:0xf8e66e98d96fa9ac","","Motorcycle tour : Parisian Monuments & Hidden Gems","Motorcycle tour : Parisian Monuments & Hidden Gems, 21 Rue Jean Rey, 75015 Paris","48.8557687","2.2925426","","5","Europe/Paris","https://linktr.ee/PariswithRemi","ChIJp21T8Kdx5kcRrKlv2Zhu5vg","https://www.google.com/maps/place/data=!3m1!4b1!4m2!3m1!1s0x47e671a7f0536da7:0xf8e66e98d96fa9ac","","Paris","true","true","","21 Rue Jean Rey | 75015 Paris","Sightseeing tour agency | Tourist attraction","","","","","","","",""
"0x47e66590a981632f:0xb5dabfb80b41b14","","Monument à la Mémoire des Martyrs de la Résistance et de la Déportation","Monument à la Mémoire des Martyrs de la Résistance et de la Déportation, 2 Sq. du Souvenir Français, 92800 Puteaux","48.8835197","2.2331942","","4.5","Europe/Paris","","ChIJL2OBqZBl5kcRFBu0gPurXQs","https://www.google.com/maps/place/data=!3m1!4b1!4m2!3m1!1s0x47e66590a981632f:0xb5dabfb80b41b14","","Puteaux","false","false","","2 Sq. du Souvenir Français | 92800 Puteaux","Historical landmark","","","","","","","",""
"0x47e66500279317e9:0x11789895dd82152","","Monument pour l'American Legion","Monument pour l'American Legion, Canton de Nanterre-2, 92000 Nanterre","48.894898","2.2335398","","4.5","Europe/Paris","","ChIJ6ReTJwBl5kcRUiHYXYmJFwE","https://www.google.com/maps/place/data=!3m1!4b1!4m2!3m1!1s0x47e66500279317e9:0x11789895dd82152","","Nanterre","false","false","","Canton de Nanterre-2 | 92000 Nanterre","Historical landmark","","","","","","","",""
"0x47e60dd9183c6aa3:0xde7e3137efac3348","0149747474","Monument aux morts de Fontenay-sous-Bois","Monument aux morts de Fontenay-sous-Bois, Bd Gallieni, 94120 Fontenay-sous-Bois","48.848518399999996","2.4789632","","5","Europe/Paris","https://monuments-aux-morts.fr/monuments?detail=124026&positionResult=2&arko_default_648970c046073--filtreGroupes%5Bmode%5D=simple&arko_default_648970c046073--filtreGroupes%5Bop%5D=AND&arko_default_648970c046073--filtreGroupes%5Bgroupes%5D%5B0%5D%5Barko_default_648975949f384%5D%5Bop%5D=AND&arko_default_648970c046073--filtreGroupes%5Bgroupes%5D%5B0%5D%5Barko_default_648975949f384%5D%5Bq%5D%5B%5D=&arko_default_648970c046073--filtreGroupes%5Bgroupes%5D%5B0%5D%5Barko_default_648975949f384%5D%5Bq%5D%5B%5D=Fontenay%20sous%20bois&arko_default_648970c046073--filtreGroupes%5Bgroupes%5D%5B0%5D%5Barko_default_648975949f384%5D%5Bextras%5D%5Bmode%5D=input&arko_default_648970c046073--filtreGroupes%5Bgroupes%5D%5B0%5D%5Barko_default_64897729d327a%5D%5Bop%5D=AND&arko_default_648970c046073--filtreGroupes%5Bgroupes%5D%5B0%5D%5Barko_default_64897729d327a%5D%5Bq%5D%5B%5D=&arko_default_648970c046073--filtreGroupes%5Bgroupes%5D%5B0%5D%5Barko_default_64897729d327a%5D%5Bq%5D%5B%5D=Val-de-Marne%5B%5Barko_fiche_64872ea4db07e%5D%5D&arko_default_648970c046073--filtreGroupes%5Bgroupes%5D%5B0%5D%5Barko_default_64897729d327a%5D%5Bextras%5D%5Bmode%5D=popup&arko_default_648970c046073--from=0&arko_default_648970c046073--resultSize=50&arko_default_648970c046073--contenuIds%5B%5D=178974&arko_default_648970c046073--modeRestit=arko_default_648974b6631ac&arko_default_648977dc403f7--ficheFocus=","ChIJo2o8GNkN5kcRSDOs7zcxft4","https://www.google.com/maps/place/data=!3m1!4b1!4m2!3m1!1s0x47e60dd9183c6aa3:0xde7e3137efac3348","","Fontenay-sous-Bois","false","false","","Bd Gallieni | 94120 Fontenay-sous-Bois","Historical landmark","","","","","","","",""
"0x47e67752e8b6ddc3:0x59948663731e9ee7","","Monument de la Libération","Monument de la Libération, Tuilerie, 94260 Fresnes","48.760092099999994","2.3194439","","5","Europe/Paris","","ChIJw9226FJ35kcR554ec2OGlFk","https://www.google.com/maps/place/data=!3m1!4b1!4m2!3m1!1s0x47e67752e8b6ddc3:0x59948663731e9ee7","","Fresnes","false","false","","Tuilerie | 94260 Fresnes","Historical landmark","","","","","","","",""
"0x47e66fd2ec1d3bd3:0x9e7f28910c67fedb","","Hôtel de la Marine","Hôtel de la Marine, 2 Pl. de la Concorde, 75008 Paris","48.866817499999996","2.3229036","","4.7","Europe/Paris","http://www.hotel-de-la-marine.paris/","ChIJ0zsd7NJv5kcR2_5nDJEof54","https://www.google.com/maps/place/data=!3m1!4b1!4m2!3m1!1s0x47e66fd2ec1d3bd3:0x9e7f28910c67fedb","","Paris","true","true","","2 Pl. de la Concorde | 75008 Paris","Tourist attraction | Cultural landmark | Heritage museum","Elegant 18th-century government building | Elaborately detailed office of the French Naval Staff that epitomizes the city's visual aesthetic. |  | t | t","","","","","","",""
"0x47e60d00533e1907:0x44c64bc361757725","","Monument aux morts des Malgaches","Monument aux morts des Malgaches, 39 Av. de la Belle Gabrielle 94130, 94130 Nogent-sur-Marne","48.833918999999995","2.468704","","","Europe/Paris","","ChIJBxk-UwAN5kcRJXd1YcNLxkQ","https://www.google.com/maps/place/data=!3m1!4b1!4m2!3m1!1s0x47e60d00533e1907:0x44c64bc361757725","","Nogent-sur-Marne","false","false","","39 Av. de la Belle Gabrielle 94130 | 94130 Nogent-sur-Marne","Historical landmark","","","","","","","",""
"0x47e673005806a61f:0x3219f430a7c0c357","","Logements d'Electricité de France classé monument historique","Logements d'Electricité de France classé monument historique, 44 Bd du Colonel Fabien, 94200 Ivry-sur-Seine","48.8149441","2.4047836","","","Europe/Paris","","ChIJH6YGWABz5kcRV8PApzD0GTI","https://www.google.com/maps/place/data=!3m1!4b1!4m2!3m1!1s0x47e673005806a61f:0x3219f430a7c0c357","","Ivry-sur-Seine","false","false","","44 Bd du Colonel Fabien | 94200 Ivry-sur-Seine","Tourist attraction","","","","","","","",""
"0x47e60c392b9155b9:0xd60a8bb7baa86d6f","","Monument à Charles Trenet","Monument à Charles Trenet, Quai Winston Churchill, 94210 Saint-Maur-des-Fossés","48.797391499999996","2.5225112999999997","","4.3","Europe/Paris","","ChIJuVWRKzkM5kcRb22oureLCtY","https://www.google.com/maps/place/data=!3m1!4b1!4m2!3m1!1s0x47e60c392b9155b9:0xd60a8bb7baa86d6f","","Saint-Maur-des-Fossés","false","true","","Quai Winston Churchill | 94210 Saint-Maur-des-Fossés","Monument","","","","","","","",""
"0x47e67100777c5d81:0x720909c3275efc56","","Maison monument historique","Maison monument historique, 10 Pl. de la République, 92220 Bagneux","48.796594","2.302094","","","Europe/Paris","","ChIJgV18dwBx5kcRVvxeJ8MJCXI","https://www.google.com/maps/place/data=!3m1!4b1!4m2!3m1!1s0x47e67100777c5d81:0x720909c3275efc56","","Bagneux","false","false","","10 Pl. de la République | 92220 Bagneux","Tourist attraction","","","","","","","",""
"0x47e677d186e837dd:0x7cf08e33ccde27fd","","Monument de la Libération","Monument de la Libération, Av. Lucien Grelinger, 94150 Rungis","48.749644599999996","2.3497193999999997","","5","Europe/Paris","","ChIJ3TfohtF35kcR_SfezDOO8Hw","https://www.google.com/maps/place/data=!3m1!4b1!4m2!3m1!1s0x47e677d186e837dd:0x7cf08e33ccde27fd","","Rungis","false","false","","Av. Lucien Grelinger | 94150 Rungis","Historical landmark","","","","","","","",""
"0x47e67b65fc6f8371:0x4b5a7d7c001337dd","0141120290","Saint-Cloud National Estate","Saint-Cloud National Estate, 1 Av. de la Grille d'Honneur, 92210 Saint-Cloud","48.8377327","2.2167187","","4.6","Europe/Paris","http://www.domaine-saint-cloud.fr/","ChIJcYNv_GV75kcR3TcTAHx9Wks","https://www.google.com/maps/place/data=!3m1!4b1!4m2!3m1!1s0x47e67b65fc6f8371:0x4b5a7d7c001337dd","","Saint-Cloud","true","true","","1 Av. de la Grille d'Honneur | 92210 Saint-Cloud","Historical landmark | Cultural landmark | Garden | State park | National park | Park","Former royal estate & nature reserve | Vast parkland classified as a Historic Monument, including Marie Antoinette's rose garden. |  | t | t","","","","","","",""
"0x47e67b006996238d:0x7f5e449e96571474","","Monument Alphonse Juin","Monument Alphonse Juin, 92100 Boulogne-Billancourt","48.832729799999996","2.2294587","","","Europe/Paris","","ChIJjSOWaQB75kcRdBRXlp5EXn8","https://www.google.com/maps/place/data=!3m1!4b1!4m2!3m1!1s0x47e67b006996238d:0x7f5e449e96571474","","Boulogne-Billancourt","false","false","","92100 Boulogne-Billancourt","Historical landmark","","","","","","","",""
"0x47e60b2a646d8831:0x8d76f34d3df3f675","","Monument aux morts de Sucy-en-Brie","Monument aux morts de Sucy-en-Brie, Pl. de l'Église, 94370 Sucy-en-Brie","48.768733","2.5210475","","5","Europe/Paris","","ChIJMYhtZCoL5kcRdfbzPU3zdo0","https://www.google.com/maps/place/data=!3m1!4b1!4m2!3m1!1s0x47e60b2a646d8831:0x8d76f34d3df3f675","","Sucy-en-Brie","false","false","","Pl. de l'Église | 94370 Sucy-en-Brie","Historical landmark","","","","","","","",""
"0x47e67bb4f814fc75:0x621dfd896dd0fa12","","Monument Armée de Paris - Garde Nationale","Monument Armée de Paris - Garde Nationale, Rue du 19 Janvier, 92380 Garches","48.8504473","2.1952426","","5","Europe/Paris","","ChIJdfwU-LR75kcREvrQbYn9HWI","https://www.google.com/maps/place/data=!3m1!4b1!4m2!3m1!1s0x47e67bb4f814fc75:0x621dfd896dd0fa12","","Garches","false","false","","Rue du 19 Janvier | 92380 Garches","Historical landmark","","","","","","","",""
"0x47e67b006118a541:0xf4c68087ee197c7c","","Maison monument historique","Maison monument historique, 8 Rue Pierre et Marie Curie, 92140 Clamart","48.800101999999995","2.2648569999999997","","","Europe/Paris","","ChIJQaUYYQB75kcRfHwZ7oeAxvQ","https://www.google.com/maps/place/data=!3m1!4b1!4m2!3m1!1s0x47e67b006118a541:0xf4c68087ee197c7c","","Clamart","false","false","","8 Rue Pierre et Marie Curie | 92140 Clamart","Tourist attraction","","","","","","","",""
"0x47e66f0042a1cc31:0x46b0209d6775cb75","","Immeuble monument historique","Immeuble monument historique, 55 Rue Maurice Bokanowski, 92600 Asnières-sur-Seine","48.909730599999996","2.2910732","","","Europe/Paris","","ChIJMcyhQgBv5kcRdct1Z50gsEY","https://www.google.com/maps/place/data=!3m1!4b1!4m2!3m1!1s0x47e66f0042a1cc31:0x46b0209d6775cb75","","Asnières-sur-Seine","false","false","","55 Rue Maurice Bokanowski | 92600 Asnières-sur-Seine","Tourist attraction","","","","","","","",""
"0x47e67b1069b58ec5:0xef41861c174da4f","","Monument de Buzenval","Monument de Buzenval, 25 Rue du Général Colonieu, 92500 Rueil-Malmaison","48.8552586","2.1910178","","4","Europe/Paris","","ChIJxY61aRB75kcRT9p0wWEY9A4","https://www.google.com/maps/place/data=!3m1!4b1!4m2!3m1!1s0x47e67b1069b58ec5:0xef41861c174da4f","","Rueil-Malmaison","false","false","","25 Rue du Général Colonieu | 92500 Rueil-Malmaison","Historical landmark","","","","","","","",""
"0x47e67b0066aebe8f:0x2c3b7801a985f9c7","","Maison monument historique","Maison monument historique, 5 Rue de Montmorency, 92100 Boulogne-Billancourt","48.845147","2.233422","","","Europe/Paris","","ChIJj76uZgB75kcRx_mFqQF4Oyw","https://www.google.com/maps/place/data=!3m1!4b1!4m2!3m1!1s0x47e67b0066aebe8f:0x2c3b7801a985f9c7","","Boulogne-Billancourt","false","false","","5 Rue de Montmorency | 92100 Boulogne-Billancourt","Tourist attraction","","","","","","","",""
"0x47e679f09d39dee5:0x8547d04975eabf69","","Monument des 4 Fusillés","Monument des 4 Fusillés, 92290 Châtenay-Malabry","48.7696348","2.2520245","","4","Europe/Paris","","ChIJ5d45nfB55kcRab_qdUnQR4U","https://www.google.com/maps/place/data=!3m1!4b1!4m2!3m1!1s0x47e679f09d39dee5:0x8547d04975eabf69","","Châtenay-Malabry","false","false","","92290 Châtenay-Malabry","Historical landmark","","","","","","","",""
"0x47e663f3a95901df:0x802f3825233c05fe","","Monument aux morts des volontaires Danois","Monument aux morts des volontaires Danois, Pl. des Volontaires Danois, 92500 Rueil-Malmaison","48.879012599999996","2.1876227","","5","Europe/Paris","","ChIJ3wFZqfNj5kcR_gU8IyU4L4A","https://www.google.com/maps/place/data=!3m1!4b1!4m2!3m1!1s0x47e663f3a95901df:0x802f3825233c05fe","","Rueil-Malmaison","false","false","","Pl. des Volontaires Danois | 92500 Rueil-Malmaison","Historical landmark","","","","","","","",""
"0x47e60d0051eeaaef:0xd9ba3ca9516b76e","","De Podenas Monument","De Podenas Monument, 5 Rue des Guibouts, 94360 Bry-sur-Marne","48.834342799999995","2.5244551","","","Europe/Paris","https://monumentsmorts.univ-lille.fr/monument/78959/bry-sur-marne-rueroute/","ChIJ76ruUQAN5kcRbrcWlcqjmw0","https://www.google.com/maps/place/data=!3m1!4b1!4m2!3m1!1s0x47e60d0051eeaaef:0xd9ba3ca9516b76e","","Bry-sur-Marne","false","false","","5 Rue des Guibouts | 94360 Bry-sur-Marne","Historical landmark","","","","","","","",""
"0x47e60d0060d81893:0x40a42d90d8027beb","","Bry Battle Monument","Bry Battle Monument, 94360 Bry-sur-Marne","48.8343272","2.5272764","","","Europe/Paris","https://monumentsmorts.univ-lille.fr/monument/78936/bry-sur-marne-rueroute/","ChIJkxjYYAAN5kcR63sC2JAtpEA","https://www.google.com/maps/place/data=!3m1!4b1!4m2!3m1!1s0x47e60d0060d81893:0x40a42d90d8027beb","","Bry-sur-Marne","false","false","","94360 Bry-sur-Marne","Historical landmark","","","","","","","",""
"0x47e60d007cd9e8ab:0xcaf9c574dcd1d6da","","Ignace Hoff Monument","Ignace Hoff Monument, 94360 Bry-sur-Marne","48.8393205","2.5234049","","","Europe/Paris","","ChIJq-jZfAAN5kcR2tbR3HTF-co","https://www.google.com/maps/place/data=!3m1!4b1!4m2!3m1!1s0x47e60d007cd9e8ab:0xcaf9c574dcd1d6da","","Bry-sur-Marne","false","false","","94360 Bry-sur-Marne","Historical landmark","","","","","","","",""
"0x47e60d0070f33b85:0x6aedfabe1218e6b5","","Franchetti Monument","Franchetti Monument, 94360 Bry-sur-Marne","48.834471099999995","2.5250881","","","Europe/Paris","https://monumentsmorts.univ-lille.fr/monument/97988/bry-sur-marne-rueroute/","ChIJhTvzcAAN5kcRteYYEr767Wo","https://www.google.com/maps/place/data=!3m1!4b1!4m2!3m1!1s0x47e60d0070f33b85:0x6aedfabe1218e6b5","","Bry-sur-Marne","false","false","","94360 Bry-sur-Marne","Historical landmark","","","","","","","",""
"0x47e6774bca0e5517:0xabe9f440577c8c68","","monument aux justes","monument aux justes, Rue d'Estienne d'Orves, 91370 Verrières-le-Buisson","48.749367199999995","2.2689073","","","Europe/Paris","","ChIJF1UOykt35kcRaIx8V0D06as","https://www.google.com/maps/place/data=!3m1!4b1!4m2!3m1!1s0x47e6774bca0e5517:0xabe9f440577c8c68","","Verrières-le-Buisson","false","false","","Rue d'Estienne d'Orves | 91370 Verrières-le-Buisson","Historical landmark","","","","","","","",""
"0x47e67b005203e395:0x3182949897fe98d5","","Immeuble monument historique","Immeuble monument historique, 6 Rue du Parchamp, 92100 Boulogne-Billancourt","48.846574999999994","2.237389","","","Europe/Paris","","ChIJleMDUgB75kcR1Zj-l5iUgjE","https://www.google.com/maps/place/data=!3m1!4b1!4m2!3m1!1s0x47e67b005203e395:0x3182949897fe98d5","","Boulogne-Billancourt","false","false","","6 Rue du Parchamp | 92100 Boulogne-Billancourt","Tourist attraction","","","","","","","",""
"0x47e67b007e377a7f:0x85ee61363badd65a","","Hôtel monument historique","Hôtel monument historique, 5bis Rue d'Orléans, 92210 Saint-Cloud","48.840697999999996","2.218898","","","Europe/Paris","","ChIJf3o3fgB75kcRWtatOzZh7oU","https://www.google.com/maps/place/data=!3m1!4b1!4m2!3m1!1s0x47e67b007e377a7f:0x85ee61363badd65a","","Saint-Cloud","false","false","","5bis Rue d'Orléans | 92210 Saint-Cloud","Tourist attraction","","","","","","","",""
"0x47e60db4acfe7391:0x77a57d827eb419a","","Rue du Monument","Rue du Monument, 94500 Champigny-sur-Marne","48.812501","2.515635","","4","Europe/Paris","","ChIJkXP-rLQN5kcRmkHrJ9hXegc","https://www.google.com/maps/place/data=!3m1!4b1!4m2!3m1!1s0x47e60db4acfe7391:0x77a57d827eb419a","","Champigny-sur-Marne","false","true","","94500 Champigny-sur-Marne","Bus stop","","","","","","","",""
"0x47e66390e47b5bc7:0x2e52b175aa7957ad","","Monument aux morts de Houilles","Monument aux morts de Houilles, All. du 8 Mai 1945, 78800 Houilles","48.922600599999996","2.1851643","","5","Europe/Paris","","ChIJx1t75JBj5kcRrVd5qnWxUi4","https://www.google.com/maps/place/data=!3m1!4b1!4m2!3m1!1s0x47e66390e47b5bc7:0x2e52b175aa7957ad","","Houilles","false","false","","All. du 8 Mai 1945 | 78800 Houilles","Historical landmark","","","","","","","",""
"0x47e67b005da4946b:0xbb9fc09e2b032e65","","Immeuble monument historique","Immeuble monument historique, 9 Rue de la Libération, 92210 Saint-Cloud","48.8444231","2.2193233","","","Europe/Paris","","ChIJa5SkXQB75kcRZS4DK57An7s","https://www.google.com/maps/place/data=!3m1!4b1!4m2!3m1!1s0x47e67b005da4946b:0xbb9fc09e2b032e65","","Saint-Cloud","false","false","","9 Rue de la Libération | 92210 Saint-Cloud","Tourist attraction","","","","","","","",""
"0x47e67b002314a1b1:0x8b794524ec2235a6","","Immeuble monument historique","Immeuble monument historique, 17 Grande Rue, 92310 Sèvres","48.826741999999996","2.220696","","","Europe/Paris","","ChIJsaEUIwB75kcRpjUi7CRFeYs","https://www.google.com/maps/place/data=!3m1!4b1!4m2!3m1!1s0x47e67b002314a1b1:0x8b794524ec2235a6","","Sèvres","false","false","","17 Grande Rue | 92310 Sèvres","Tourist attraction","","","","","","","",""
"0x47e60d0066f7ae19:0x39cf3aba1c7a16e","","Maison classée monument historique","Maison classée monument historique, 32 Rue du Monument, 94500 Champigny-sur-Marne","48.8108351","2.5216757999999997","","4.7","Europe/Paris","","ChIJGa73ZgAN5kcRbqHHoavznAM","https://www.google.com/maps/place/data=!3m1!4b1!4m2!3m1!1s0x47e60d0066f7ae19:0x39cf3aba1c7a16e","","Champigny-sur-Marne","false","false","","32 Rue du Monument | 94500 Champigny-sur-Marne","Tourist attraction","","","","","","","",""
"0x47e6797682dd62f9:0x2777c8a662fe7f16","","Monument aux Morts","Monument aux Morts, Pl. Charles de Gaulle, 91370 Verrières-le-Buisson","48.7465672","2.267281","","","Europe/Paris","","ChIJ-WLdgnZ55kcRFn_-YqbIdyc","https://www.google.com/maps/place/data=!3m1!4b1!4m2!3m1!1s0x47e6797682dd62f9:0x2777c8a662fe7f16","","Verrières-le-Buisson","false","false","","Pl. Charles de Gaulle | 91370 Verrières-le-Buisson","Historical landmark","","","","","","","",""
"0x47e66900274dd093:0xc25b97e59c4807a7","","Maison monument historique","Maison monument historique, 8 Av. de la République, 93800 Épinay-sur-Seine","48.951916999999995","2.317601","","","Europe/Paris","","ChIJk9BNJwBp5kcRpwdInOWXW8I","https://www.google.com/maps/place/data=!3m1!4b1!4m2!3m1!1s0x47e66900274dd093:0xc25b97e59c4807a7","","Épinay-sur-Seine","false","false","","8 Av. de la République | 93800 Épinay-sur-Seine","Tourist attraction","","","","","","","",""
"0x47e611005b9c1245:0x5f290c0d24ca7ff6","","Maison monument historique","Maison monument historique, 23 Rue de l'Église, 93370 Montfermeil","48.898863","2.566683","","","Europe/Paris","","ChIJRRKcWwAR5kcR9n_KJA0MKV8","https://www.google.com/maps/place/data=!3m1!4b1!4m2!3m1!1s0x47e611005b9c1245:0x5f290c0d24ca7ff6","","Montfermeil","false","false","","23 Rue de l'Église | 93370 Montfermeil","Tourist attraction","","","","","","","",""
"0x47e663480f053701:0x47fdb6855c375a29","","Mausoleum of the Prince Imperial","Mausoleum of the Prince Imperial, 19 Av. Vigée Lebrun, 92500 Rueil-Malmaison","48.8693283","2.1667917","","4.5","Europe/Paris","https://fr.wikipedia.org/wiki/Mausol%C3%A9e_du_Prince_Imp%C3%A9rial","ChIJATcFD0hj5kcRKVo3XIW2_Uc","https://www.google.com/maps/place/data=!3m1!4b1!4m2!3m1!1s0x47e663480f053701:0x47fdb6855c375a29","","Rueil-Malmaison","false","true","","19 Av. Vigée Lebrun | 92500 Rueil-Malmaison","Monument","","","","","","","",""
"0x47e67aaed2effcb7:0x80229f3a9ac21ddd","0140504343","Hôtel Mezzara","Hôtel Mezzara, 60 Rue Jean de la Fontaine, 75016 Paris","48.8506644","2.2709079","","4.6","Europe/Paris","","ChIJt_zv0q565kcR3R3CmjqfIoA","https://www.google.com/maps/place/data=!3m1!4b1!4m2!3m1!1s0x47e67aaed2effcb7:0x80229f3a9ac21ddd","","Paris","false","true","","60 Rue Jean de la Fontaine | 75016 Paris","Monument","","","","","","","",""