name,rating,review_count,place_link
Museum of Art and History of the City of Meudon,4.5,,https://www.google.com/maps/place/data=!3m1!4b1!4m2!3m1!1s0x47e67a4e71dd92fb:0xda49e2ac30873ebd
Phono Museum,4.8,,https://www.google.com/maps/place/data=!3m1!4b1!4m2!3m1!1s0x47e66e43f0beadf9:0xa9f5a39fa4cf785a
Monument de la Défense Nationale de 1870,3.0,,https://www.google.com/maps/place/data=!3m1!4b1!4m2!3m1!1s0x47e67164e5bbc5f9:0x615a586884d99f8
Monument aux morts de Villejuif,3.0,,https://www.google.com/maps/place/data=!3m1!4b1!4m2!3m1!1s0x47e6732b7ed6fdf9:0xa07bdbb929647f8d
Square Barye,4.3,,https://www.google.com/maps/place/data=!3m1!4b1!4m2!3m1!1s0x47e671fbe87a44f9:0xda359d2040b423b8
Nogent-sur-Marne Museum,4.2,,https://www.google.com/maps/place/data=!3m1!4b1!4m2!3m1!1s0x47e60d6eda2106fb:0x18a0a048c5398ace
Monument à Buffon,5.0,,https://www.google.com/maps/place/data=!3m1!4b1!4m2!3m1!1s0x47e671007803cdd3:0xbbf72fb5f2db8e63
Paris Pinball Museum,4.7,,https://www.google.com/maps/place/data=!3m1!4b1!4m2!3m1!1s0x47e66ef54448d4d3:0xd583715e6b606505
Grand Palais,4.5,,https://www.google.com/maps/place/data=!3m1!4b1!4m2!3m1!1s0x47e66fd048eedcd1:0x499b45575147a06b
Invader PA_720,5.0,1,https://www.google.com/maps/place/data=!3m1!4b1!4m2!3m1!1s0x47e66f00716609d3:0x810a1ffe1837ac61
Buste de Dalida,4.4,,https://www.google.com/maps/place/data=!3m1!4b1!4m2!3m1!1s0x47e66e5afabf90d1:0xe1467b6fc98166
Musée de l’Éventail,5.0,,https://www.google.com/maps/place/data=!3m1!4b1!4m2!3m1!1s0x47e66f0077e090d1:0xc966f9dcf96c6127
Hôtel de la Marine,4.7,,https://www.google.com/maps/place/data=!3m1!4b1!4m2!3m1!1s0x47e66fd2ec1d3bd3:0x9e7f28910c67fedb
Monument aux morts de Joinville-le-Pont,5.0,,https://www.google.com/maps/place/data=!3m1!4b1!4m2!3m1!1s0x47e60d7080899bd7:0x781333883c149e8e
The French Playing Card Museum,4.5,,https://www.google.com/maps/place/data=!3m1!4b1!4m2!3m1!1s0x47e67a821cc05fd5:0x9de25b020aba49e8
Ponpon house,5.0,2,https://www.google.com/maps/place/data=!3m1!4b1!4m2!3m1!1s0x47e66f006a923ed7:0x39cfc527ab6ca3c1
Musée de l'Illusion Paris,4.0,,https://www.google.com/maps/place/data=!3m1!4b1!4m2!3m1!1s0x47e66f8553e554db:0x9cc681758ed5787d
Fragonard Museum,4.6,,https://www.google.com/maps/place/data=!3m1!4b1!4m2!3m1!1s0x47e6731da760efd9:0x153b4ca5366a18e2
Monument aux morts de Pantin,5.0,,https://www.google.com/maps/place/data=!3m1!4b1!4m2!3m1!1s0x47e66d004cb88dd9:0xe065f39d16ca613c
Monument aux morts des Lilas,5.0,,https://www.google.com/maps/place/data=!3m1!4b1!4m2!3m1!1s0x47e66d00715420db:0x22f34052b222bdc1
Musée Technologique et Industriel,4.6,,https://www.google.com/maps/place/data=!3m1!4b1!4m2!3m1!1s0x47e66e106ff427db:0xc70ee86bcc637fe7
Place Félix Éboué,3.2,,https://www.google.com/maps/place/data=!3m1!4b1!4m2!3m1!1s0x47e6730026e389d9:0x1ebcedb1dcd40b3a
Hôtel Beauharnais,4.7,,https://www.google.com/maps/place/data=!3m1!4b1!4m2!3m1!1s0x47e66fd4b3d09dd9:0x5de4e192bc6b4067
La Gaîté Lyrique,4.5,,https://www.google.com/maps/place/data=!3m1!4b1!4m2!3m1!1s0x47e66f8874663fdb:0x7ab27c964be4d0f5
Kleot Olga,5.0,,https://www.google.com/maps/place/data=!3m1!4b1!4m2!3m1!1s0x47e66e178609c5df:0xf62506557210596b
Musée du Barreau de Paris,3.8,,https://www.google.com/maps/place/data=!3m1!4b1!4m2!3m1!1s0x47e66e187f66bfdd:0x6c6232f0e9a829b2
Fontaine Wallace,5.0,1,https://www.google.com/maps/place/data=!3m1!4b1!4m2!3m1!1s0x47e66fa7142bb4dd:0x8137b16e007ae4df
Monument de la Libération,5.0,,https://www.google.com/maps/place/data=!3m1!4b1!4m2!3m1!1s0x47e677d186e837dd:0x7cf08e33ccde27fd
La Galerie Dior,4.8,,https://www.google.com/maps/place/data=!3m1!4b1!4m2!3m1!1s0x47e66fb92bde5add:0x240d5eb19e34b26e
Paris Plages,4.3,85,https://www.google.com/maps/place/data=!3m1!4b1!4m2!3m1!1s0x47e67177a71c0fdf:0x726608720c71767a
Monument aux morts des volontaires Danois,5.0,,https://www.google.com/maps/place/data=!3m1!4b1!4m2!3m1!1s0x47e663f3a95901df:0x802f3825233c05fe
Basilique du Sacré-Cœur de Montmartre,4.7,,https://www.google.com/maps/place/data=!3m1!4b1!4m2!3m1!1s0x47e66e4334868de3:0xcfc3870abe2b8519
Armand Paris Guide Conférencier,5.0,,https://www.google.com/maps/place/data=!3m1!4b1!4m2!3m1!1s0x47e66f4fcc1178e1:0x13bc15b9616213b7
Tunnel des Tuileries,4.4,,https://www.google.com/maps/place/data=!3m1!4b1!4m2!3m1!1s0x47e66f3c1e7781e7:0x93f52b9ef83afd5f
Monument des 4 Fusillés,4.0,,https://www.google.com/maps/place/data=!3m1!4b1!4m2!3m1!1s0x47e679f09d39dee5:0x8547d04975eabf69
Museum of Freemasonry,4.4,,https://www.google.com/maps/place/data=!3m1!4b1!4m2!3m1!1s0x47e66e3f0a8567e5:0xa62c2942e39decef
Fondation Custodia,4.5,,https://www.google.com/maps/place/data=!3m1!4b1!4m2!3m1!1s0x47e66fd486b9e8e9:0xfc11eb03574e70da
Monument pour l'American Legion,4.5,,https://www.google.com/maps/place/data=!3m1!4b1!4m2!3m1!1s0x47e66500279317e9:0x11789895dd82152
Musée Paul-Belmondo,4.6,,https://www.google.com/maps/place/data=!3m1!4b1!4m2!3m1!1s0x47e67ad810f024e9:0x7fbc52791bbdb438
Statue of Marshal Joseph Joffre,4.6,,https://www.google.com/maps/place/data=!3m1!4b1!4m2!3m1!1s0x47e670216e0153e9:0xedd60748ba3023c3
Musée Nissim de Camondo,4.7,,https://www.google.com/maps/place/data=!3m1!4b1!4m2!3m1!1s0x47e66fb7878659e9:0x9edd4abb82b16bdf
Deportation Martyrs Memorial,4.6,,https://www.google.com/maps/place/data=!3m1!4b1!4m2!3m1!1s0x47e671fc75f402eb:0x66d28639de95d59a
Musée Cinéma et Miniature,4.7,,https://www.google.com/maps/place/data=!3m1!4b1!4m2!3m1!1s0x47f4ebaae27be5ef:0xe300013405b2077b
Agence France-Muséums,3.3,,https://www.google.com/maps/place/data=!3m1!4b1!4m2!3m1!1s0x47e66e22ad23a0ef:0x8bbd02e0f669b01a
Statue Nicolas Leblanc,5.0,,https://www.google.com/maps/place/data=!3m1!4b1!4m2!3m1!1s0x47e66f274917c8ef:0xf12aac774ccfb7f
Musée Art Brut,4.7,,https://www.google.com/maps/place/data=!3m1!4b1!4m2!3m1!1s0x12b6af0d9a6cc1ed:0x6c171ac8286ae26c
Centre d'études Picasso,5.0,,https://www.google.com/maps/place/data=!3m1!4b1!4m2!3m1!1s0x47e66f000a13e7ed:0xf35f6fb5e7fa7a85
Turtle de Seine,4.6,16,https://www.google.com/maps/place/data=!3m1!4b1!4m2!3m1!1s0x47e671003d97f3ed:0x8a3986d3f8cda275
Canal Saint Martin,4.8,34,https://www.google.com/maps/place/data=!3m1!4b1!4m2!3m1!1s0x47e66fedd01a0eef:0xf4449d165a538ec6
Passage Vendôme,4.0,264,https://www.google.com/maps/place/data=!3m1!4b1!4m2!3m1!1s0x47e66e089f326fed:0x7b4a420d16cbd331
Colonne de la Paix Armée,4.5,,https://www.google.com/maps/place/data=!3m1!4b1!4m2!3m1!1s0x47e671a381d868ed:0xfbf9e65837f0fb11
Statue équestre du duc d'Orléans,4.8,,https://www.google.com/maps/place/data=!3m1!4b1!4m2!3m1!1s0x47e6657ce4d2d6f3:0x616ecbe4517dd574
"Monument Sas : Votre chasseur de biens en Déficit Foncier, Malraux, Monument Historique…",4.5,,https://www.google.com/maps/place/data=!3m1!4b1!4m2!3m1!1s0x47e66dfe0fbeb9f1:0x91192309f4da1b59
Musée Cognacq-Jay,4.4,,https://www.google.com/maps/place/data=!3m1!4b1!4m2!3m1!1s0x47e66e022a6637f1:0x75a140856003f5c3
Bollée Dominique,5.0,,https://www.google.com/maps/place/data=!3m1!4b1!4m2!3m1!1s0x47e4e4ab65ec72f1:0x356ab567cc81bf0c
Citéco | Cité de l'Économie,4.7,,https://www.google.com/maps/place/data=!3m1!4b1!4m2!3m1!1s0x47e66fb987cfccf5:0x8e8eafc68f7d5ed6
Musée de la BnF,4.8,,https://www.google.com/maps/place/data=!3m1!4b1!4m2!3m1!1s0x47e66f2ff2a1d3f5:0xd9441f64e2928e3f
Pinky Tour - Paris,5.0,87,https://www.google.com/maps/place/data=!3m1!4b1!4m2!3m1!1s0x47e66f620fe613f5:0x2ec864c75e1bad3e
Parisian escape,5.0,20,https://www.google.com/maps/place/data=!3m1!4b1!4m2!3m1!1s0x47e6717a8c3f2ef5:0xb9e868280c7a91d0
ART42 - Musée d'art urbain,4.6,,https://www.google.com/maps/place/data=!3m1!4b1!4m2!3m1!1s0x47e66fa9e73a1ef7:0xb429df62b5631b9b
Cour Damoye,4.6,115,https://www.google.com/maps/place/data=!3m1!4b1!4m2!3m1!1s0x47e67200ed2223f7:0xa7e236dba07b82fd
"""Museum Precious Cargo"" African American History and Culture",5.0,,https://www.google.com/maps/place/data=!3m1!4b1!4m2!3m1!1s0x47e66df5478d39f7:0x487ee58298ce60b6
Iconem,5.0,,https://www.google.com/maps/place/data=!3m1!4b1!4m2!3m1!1s0x47e671cf13f24fff:0xf42887a91f182d2a
Ancienne église Saint-Jacques de la Boucherie,4.8,,https://www.google.com/maps/place/data=!3m1!4b1!4m2!3m1!1s0x47e66f9337af43ff:0x8ea3b51cd9964dc8
Crémerie de Paris,4.2,,https://www.google.com/maps/place/data=!3m1!4b1!4m2!3m1!1s0x47e66e1f417951ff:0x1182dd46d807ee4c
Caserne Napoléon,4.5,,https://www.google.com/maps/place/data=!3m1!4b1!4m2!3m1!1s0x47e66e1d5cdc80ff:0x69a59cb805cbd34a
Grand Rocher du Parc Zoologique de Paris,4.6,,https://www.google.com/maps/place/data=!3m1!4b1!4m2!3m1!1s0x47e6737027f006fd:0xfda5e17a5e80a57b
Musée des Arts Décoratifs,4.5,,https://www.google.com/maps/place/data=!3m1!4b1!4m2!3m1!1s0x47e66e2f64250cfd:0xf76e6e752d80a38b
Air France Museum,3.2,,https://www.google.com/maps/place/data=!3m1!4b1!4m2!3m1!1s0x47e66fd12b2067fd:0x98a090ba90441ed4
Promuseum,4.1,,https://www.google.com/maps/place/data=!3m1!4b1!4m2!3m1!1s0x47e6b8da1b46e16b:0xe87eb0ff96098ed5
Jardin des Plantes,4.6,50053,https://www.google.com/maps/place/data=!3m1!4b1!4m2!3m1!1s0x47e671f0d126ec6b:0xa67a22fb91573d4e
Quai de Jemmape,5.0,7,https://www.google.com/maps/place/data=!3m1!4b1!4m2!3m1!1s0x47e66fd83d837003:0x2e6558df4a6e3941
Monument en Souvenir de la Campagne de Tunisie 1942-1943,4.4,,https://www.google.com/maps/place/data=!3m1!4b1!4m2!3m1!1s0x47e66f85286b9b6b:0xd7dd017f5d9f0aec
Point Zéro des Routes de France,4.5,1192,https://www.google.com/maps/place/data=!3m1!4b1!4m2!3m1!1s0x47e671e170cda46b:0x16a14abd23a6dd0d
Statue d'Étienne Marcel,4.4,,https://www.google.com/maps/place/data=!3m1!4b1!4m2!3m1!1s0x47e671e270f2da69:0x5e06b03645eaecb7
Monument aux Indochinois morts,5.0,,https://www.google.com/maps/place/data=!3m1!4b1!4m2!3m1!1s0x47e60d0076f4f601:0x2a31dc97d78d52a2
Promenade Jean-Paul Belmondo,4.8,44,https://www.google.com/maps/place/data=!3m1!4b1!4m2!3m1!1s0x47e671d20d690a01:0x7f155a77872b90bf
Mausoleum of the Prince Imperial,4.5,,https://www.google.com/maps/place/data=!3m1!4b1!4m2!3m1!1s0x47e663480f053701:0x47fdb6855c375a29
Notre-Dame Cathedral of Paris,4.7,81899,https://www.google.com/maps/place/data=!3m1!4b1!4m2!3m1!1s0x47e671e19ff53a01:0x36401da7abfa068d
Château de Vincennes,4.5,,https://www.google.com/maps/place/data=!3m1!4b1!4m2!3m1!1s0x47e672bce3f88169:0xdd022654373467c7
Paris Sewer Museum,4.3,,https://www.google.com/maps/place/data=!3m1!4b1!4m2!3m1!1s0x47e66fda05658901:0x6723fc7871e89323
Cinémathèque Française,4.3,,https://www.google.com/maps/place/data=!3m1!4b1!4m2!3m1!1s0x47e67215d9ea3303:0x56ae687ae93da4c4
Le Triomphe de Silène,4.6,,https://www.google.com/maps/place/data=!3m1!4b1!4m2!3m1!1s0x47e671da980be207:0xae19519548d8f046
Musée du Vieil Auvillar,4.9,,https://www.google.com/maps/place/data=!3m1!4b1!4m2!3m1!1s0x12abc023c640456f:0x40c4eaabd36cdbc1
Place du Châtelet,4.2,1356,https://www.google.com/maps/place/data=!3m1!4b1!4m2!3m1!1s0x47e66f8085c2a76f:0x1404fcbecfccdb2d
Museum of Smoking,4.6,,https://www.google.com/maps/place/data=!3m1!4b1!4m2!3m1!1s0x47e66df6edfba807:0x6c8e8ad51990fd64
Square des arènes de Lutèce,4.4,,https://www.google.com/maps/place/data=!3m1!4b1!4m2!3m1!1s0x47e671efec94db07:0x97b4fe4f68077c57
Clemenceau Museum,4.6,,https://www.google.com/maps/place/data=!3m1!4b1!4m2!3m1!1s0x47e66ffda523a66d:0x39804a137566006b
Galerie la Ferronnerie,5.0,,https://www.google.com/maps/place/data=!3m1!4b1!4m2!3m1!1s0x47e66dfc86640e6d:0xf947c48d8145125
Paradox Museum Paris,4.3,,https://www.google.com/maps/place/data=!3m1!4b1!4m2!3m1!1s0x47e66f7e48e00e6d:0x6db16b1cae88406f
Boutiques de Musées,3.1,,https://www.google.com/maps/place/data=!3m1!4b1!4m2!3m1!1s0x4796c853b0e52b6d:0xd1926c296d4c9d1f
Monument à Pierre Marie René Ernest Waldeck-Rousseau,4.8,,https://www.google.com/maps/place/data=!3m1!4b1!4m2!3m1!1s0x47e66e2d72ab0f07:0xbe785cf225f45728
Dali Museum,4.5,,https://www.google.com/maps/place/data=!3m1!4b1!4m2!3m1!1s0x47e66e44ca858f05:0xef88ab04490097e9
Hotel de noirmoutier,4.7,,https://www.google.com/maps/place/data=!3m1!4b1!4m2!3m1!1s0x47e66fd5dde3ee0b:0x4e4cfd3907712f83
Gallery of Mineralogy and Geology,4.5,,https://www.google.com/maps/place/data=!3m1!4b1!4m2!3m1!1s0x47e671f19c0be10b:0xfdd08ff66de303f9
Musée Fabre,4.5,,https://www.google.com/maps/place/data=!3m1!4b1!4m2!3m1!1s0x12b6af09f5ae850b:0xb0ea41728e236a0e
Giacometti Institute,4.3,,https://www.google.com/maps/place/data=!3m1!4b1!4m2!3m1!1s0x47e671b7fc54af73:0xdb5d01f83bd7f3af
Musée des Moulages,4.6,,https://www.google.com/maps/place/data=!3m1!4b1!4m2!3m1!1s0x47e66de1cea2a773:0x7f3cd524dd19a48b
Panthéon,4.6,64836,https://www.google.com/maps/place/data=!3m1!4b1!4m2!3m1!1s0x47e671e7d297c973:0xe5eb004f23a758
Cité de l’architecture et du patrimoine,4.4,,https://www.google.com/maps/place/data=!3m1!4b1!4m2!3m1!1s0x47e66ffb5ba4a509:0xd1559bc4e18959e9
Palais de Chaillot,4.6,,https://www.google.com/maps/place/data=!3m1!4b1!4m2!3m1!1s0x47e66ffb5ba4a509:0x427aa27464ade6a1
Maison médiévale,4.2,5,https://www.google.com/maps/place/data=!3m1!4b1!4m2!3m1!1s0x47e66fb4b056d809:0xa60bdfe560fe3a16
Gallery of Evolution,4.6,,https://www.google.com/maps/place/data=!3m1!4b1!4m2!3m1!1s0x47e66e22e697ea71:0xcd3c7a2f80da50ad
Adam Mickiewicz Monument,4.7,,https://www.google.com/maps/place/data=!3m1!4b1!4m2!3m1!1s0x47e66fdc62dd0471:0x1995cbb75069dfdb
La plus petite maison de Paris,3.9,19,https://www.google.com/maps/place/data=!3m1!4b1!4m2!3m1!1s0x47e66e0de3865c71:0xc737cd94e2b66fb
Mundolingua,4.6,,https://www.google.com/maps/place/data=!3m1!4b1!4m2!3m1!1s0x47e671da479c6f09:0x4e37e7007101ae85
Monument à la République,4.5,,https://www.google.com/maps/place/data=!3m1!4b1!4m2!3m1!1s0x47e66e08e0f31b73:0x30d5c603e82be4d
Saint-Cloud National Estate,4.6,,https://www.google.com/maps/place/data=!3m1!4b1!4m2!3m1!1s0x47e67b65fc6f8371:0x4b5a7d7c001337dd
Héloïse and Abélard's tomb,4.7,,https://www.google.com/maps/place/data=!3m1!4b1!4m2!3m1!1s0x47e66d8b68dae20f:0xd6a19b7b4f272546
Mineralogy Museum MINES ParisTech,4.7,,https://www.google.com/maps/place/data=!3m1!4b1!4m2!3m1!1s0x47e671c33a385d77:0xa9743fb90a3e6fa9
La Dame En Rouge,4.5,2,https://www.google.com/maps/place/data=!3m1!4b1!4m2!3m1!1s0x47e66f016ca35377:0x4f4c3453bf5bdcb5
Louvre Museum,4.7,,https://www.google.com/maps/place/data=!3m1!4b1!4m2!3m1!1s0x47e671d877937b0f:0xb975fcfa192f84d4
Statue of Louis XIV,4.4,,https://www.google.com/maps/place/data=!3m1!4b1!4m2!3m1!1s0x47e66e233784aa77:0xd598036a982943dc
Galerie de Paléontologie et d’Anatomie comparée,4.6,,https://www.google.com/maps/place/data=!3m1!4b1!4m2!3m1!1s0x47e671f7b332cb77:0x7d3a78584d1f1fc6
Monument aux morts de La Courneuve,5.0,,https://www.google.com/maps/place/data=!3m1!4b1!4m2!3m1!1s0x47e66d003280c577:0xfc8949d5081b7907
Narrowest street in Paris,4.0,,https://www.google.com/maps/place/data=!3m1!4b1!4m2!3m1!1s0x47e671e0f092b575:0x4e0121214d66a957
Mémorial De La Shoah,4.7,,https://www.google.com/maps/place/data=!3m1!4b1!4m2!3m1!1s0x47e671fd46fcc575:0xc902de577558f506
Monument Armée de Paris - Garde Nationale,5.0,,https://www.google.com/maps/place/data=!3m1!4b1!4m2!3m1!1s0x47e67bb4f814fc75:0x621dfd896dd0fa12
Palace of Versailles,4.6,,https://www.google.com/maps/place/data=!3m1!4b1!4m2!3m1!1s0x47e67d94d7b14c75:0x538fcc15f59ce8f
Musée des Archives Nationales - Hôtel de Soubise,4.5,,https://www.google.com/maps/place/data=!3m1!4b1!4m2!3m1!1s0x47e66e03be63060f:0xc9184251727665f7
Christopher's Paris (Guided Tours),5.0,118,https://www.google.com/maps/place/data=!3m1!4b1!4m2!3m1!1s0x47e67350cbec8f0d:0xaca500fd6aea2d1
Outdoor Sculpture Museum,4.1,,https://www.google.com/maps/place/data=!3m1!4b1!4m2!3m1!1s0x47e671fa27a7220f:0x8723b2ff4208d949
Meeting Point,5.0,1,https://www.google.com/maps/place/data=!3m1!4b1!4m2!3m1!1s0x47e671c6e10c8675:0x610f18a4ed20f900
"Département des Antiquités grecques, étrusques et romaines",4.6,,https://www.google.com/maps/place/data=!3m1!4b1!4m2!3m1!1s0x47e66f0071b96f7b:0x993a24c8cfc78e0b
Musée du Luxembourg,4.3,,https://www.google.com/maps/place/data=!3m1!4b1!4m2!3m1!1s0x47e671381ba9687b:0xddbd4018e8c69d7b
Astrolabe ESA HQ Visitor Center and Space Shop,4.9,,https://www.google.com/maps/place/data=!3m1!4b1!4m2!3m1!1s0x47e671005abc697b:0xbecf177fbb594e15
Monument à Delacroix - Aimé-Jules Dalou,4.8,,https://www.google.com/maps/place/data=!3m1!4b1!4m2!3m1!1s0x47e67124644bd17b:0x8b809eff0fac36c4
Le M. Musée du Vin,4.3,,https://www.google.com/maps/place/data=!3m1!4b1!4m2!3m1!1s0x47e66ffd89e9f379:0x9d1c4cbca509d21a
National Museum of Natural History,4.5,,https://www.google.com/maps/place/data=!3m1!4b1!4m2!3m1!1s0x47e671f12d404411:0x4743d62149f1c6e1
Friends of the National Museum of Natural History,4.8,,https://www.google.com/maps/place/data=!3m1!4b1!4m2!3m1!1s0x47e671f12d404411:0xd2c1b3043dbb03fc
Rex Studios,4.5,,https://www.google.com/maps/place/data=!3m1!4b1!4m2!3m1!1s0x47e66e16727f7211:0x55409539ceb1f1ba
Municipal Museum of Saint-Cloud,4.4,,https://www.google.com/maps/place/data=!3m1!4b1!4m2!3m1!1s0x47e67b3f5ff19579:0x25f94336be4b0524
Monument of Gaspard de Coligny of Châtillon,4.4,,https://www.google.com/maps/place/data=!3m1!4b1!4m2!3m1!1s0x47e66e23fda37217:0x891761df6eece17b
Chapelle expiatoire,4.4,,https://www.google.com/maps/place/data=!3m1!4b1!4m2!3m1!1s0x47e66e34d6478017:0x54421535a41e89d7
Saint-Martin-des-Champs Priory,4.5,,https://www.google.com/maps/place/data=!3m1!4b1!4m2!3m1!1s0x47e66e1a9e49c517:0xe65df98f1dde6bae
Monument to Taras Shevchenko,4.7,,https://www.google.com/maps/place/data=!3m1!4b1!4m2!3m1!1s0x47e671d7b02fcc7f:0x17bf12d81b8d2169
Cartier Foundation for Contemporary Art,4.3,,https://www.google.com/maps/place/data=!3m1!4b1!4m2!3m1!1s0x47e671c80c12b47d:0x225ddbf564cf5d5a
Pavillon Chevreul,3.7,,https://www.google.com/maps/place/data=!3m1!4b1!4m2!3m1!1s0x47e671f030ecde7d:0x8579913bdd42958e
Monument à Louise Michel,4.7,,https://www.google.com/maps/place/data=!3m1!4b1!4m2!3m1!1s0x47e66ffefa621f7d:0x75b2b65129396db8
Carnavalet Museum,4.7,,https://www.google.com/maps/place/data=!3m1!4b1!4m2!3m1!1s0x47e66e00f9521b7d:0xc8c16b75253918c1
The Pointe du Hoc,4.6,,https://www.google.com/maps/place/data=!3m1!4b1!4m2!3m1!1s0x480b0a35fad1667d:0x16f2dd108188512e
Place Georges Pompidou,4.5,106,https://www.google.com/maps/place/data=!3m1!4b1!4m2!3m1!1s0x47e66fbd4b950a17:0x1c808bfba0c04ec7
Zadkine Museum,4.3,,https://www.google.com/maps/place/data=!3m1!4b1!4m2!3m1!1s0x47e671c5bb04807d:0x70fee735539c0c
Soc Des Amis Musee Carnavalet,4.1,,https://www.google.com/maps/place/data=!3m1!4b1!4m2!3m1!1s0x47e66e01bf289e15:0x34e067dee3ee319d
Appartements Napoléon III,4.6,,https://www.google.com/maps/place/data=!3m1!4b1!4m2!3m1!1s0x47e66fba85cee983:0x46f25d443a9b1d82
Catacombs,3.0,,https://www.google.com/maps/place/data=!3m1!4b1!4m2!3m1!1s0x47e66f00222f7783:0xad0245bbd3fc101c
Museum of Romantic Life,4.3,,https://www.google.com/maps/place/data=!3m1!4b1!4m2!3m1!1s0x47e66e48c5018683:0x4d3be5d6a3b287a0
Musée d'Orsay,4.8,,https://www.google.com/maps/place/data=!3m1!4b1!4m2!3m1!1s0x47e66e2bb630941b:0xd071bd8cb14423d8
Friends of the Orsay Museum,4.9,,https://www.google.com/maps/place/data=!3m1!4b1!4m2!3m1!1s0x47e66e2bb630941b:0x3754a39d46a77105
Monument de la Cascade du Bois de Boulogne,4.3,,https://www.google.com/maps/place/data=!3m1!4b1!4m2!3m1!1s0x47e665327114a483:0x579a01a67a988e40
Turenne Enfant Statue,5.0,1,https://www.google.com/maps/place/data=!3m1!4b1!4m2!3m1!1s0x47e66f0040a0b71b:0xf637da636e90c233
Maison classée monument historique,4.7,,https://www.google.com/maps/place/data=!3m1!4b1!4m2!3m1!1s0x47e60d0066f7ae19:0x39cf3aba1c7a16e
Fontaine de la Croix-du-Trahoir,3.9,,https://www.google.com/maps/place/data=!3m1!4b1!4m2!3m1!1s0x47e66e219c19a481:0xe3ae32eed7bd649
Musée d’histoire de la médecine,4.3,,https://www.google.com/maps/place/data=!3m1!4b1!4m2!3m1!1s0x47e671dc29c3ea81:0x1a588d006dbca60b
Alma's bridge - Diana,4.5,,https://www.google.com/maps/place/data=!3m1!4b1!4m2!3m1!1s0x47e66fddbf0f1481:0xaa4fd458e3c05e2b
Jazz Museum,3.9,,https://www.google.com/maps/place/data=!3m1!4b1!4m2!3m1!1s0x47e66e588d842981:0x927477f86c10cad
Tour Saint-Jacques,4.5,5113,https://www.google.com/maps/place/data=!3m1!4b1!4m2!3m1!1s0x47e66e1e5e72161b:0xe085e8b2d3c0632e
Grande Arche de la Défense,4.4,,https://www.google.com/maps/place/data=!3m1!4b1!4m2!3m1!1s0x47e66502128aae1f:0x9dce86817f537c
Square Jean XXIII,4.5,,https://www.google.com/maps/place/data=!3m1!4b1!4m2!3m1!1s0x47e671e3c39fb11f:0xfcef1b7df2f35fa1
Le Défenseur du Temps,4.0,98,https://www.google.com/maps/place/data=!3m1!4b1!4m2!3m1!1s0x47e66e1b98a2b485:0xbd07128d4721cc80
Fontaine Eginhard,3.7,7,https://www.google.com/maps/place/data=!3m1!4b1!4m2!3m1!1s0x47e671fe70f4ec85:0xcf1f7fab4201961b
Place de la République,4.5,,https://www.google.com/maps/place/data=!3m1!4b1!4m2!3m1!1s0x47e66f000e2efe1d:0x988e52883c8f2722
Le Bouchard,4.3,,https://www.google.com/maps/place/data=!3m1!4b1!4m2!3m1!1s0x47e66f002004141d:0x9a0e4d96d96fd57b
Palais de la découverte,4.4,,https://www.google.com/maps/place/data=!3m1!4b1!4m2!3m1!1s0x47e66fdab90c0a87:0xc90378f84d54ebd4
Bourse de Commerce - Pinault Collection,4.4,,https://www.google.com/maps/place/data=!3m1!4b1!4m2!3m1!1s0x47e66e22ce051b1f:0x9f6abeee1be73e8a
Museum of Modern Art André Malraux,4.4,,https://www.google.com/maps/place/data=!3m1!4b1!4m2!3m1!1s0x47e02ed860b92e1f:0x22f9d35811b4b2d2
Musée de la Falotte,4.9,,https://www.google.com/maps/place/data=!3m1!4b1!4m2!3m1!1s0x12aa61dd80ea528b:0xe8f625988311ee9b
Gustave Moreau Museum,4.4,,https://www.google.com/maps/place/data=!3m1!4b1!4m2!3m1!1s0x47e66e4872f9718b:0x7a115e52e9d1123f
Fontaine Egyptienne dite du Fellah,4.1,,https://www.google.com/maps/place/data=!3m1!4b1!4m2!3m1!1s0x47e671d32eddad23:0xc3e3110ea4f3494e
Musée Adam-Mickiewicz,4.7,,https://www.google.com/maps/place/data=!3m1!4b1!4m2!3m1!1s0x47e671fcaeaec723:0x70db10282242946
Republic Square Paris,4.4,214,https://www.google.com/maps/place/data=!3m1!4b1!4m2!3m1!1s0x47e66f8c4441b621:0x9d545750b358b83e
Chama da Liberdade,4.0,1,https://www.google.com/maps/place/data=!3m1!4b1!4m2!3m1!1s0x47e66f00329c2a21:0xa89aba70d75bb92d
Equestrian Statue of Henri IV,4.5,,https://www.google.com/maps/place/data=!3m1!4b1!4m2!3m1!1s0x47e66e2091c14e89:0x13d341b8f039c136
Musée de la Légion d'honneur,4.6,,https://www.google.com/maps/place/data=!3m1!4b1!4m2!3m1!1s0x47e66e2b9dc74f21:0x3b13e2b8bcd45015
Centre des Monuments Nationaux,2.0,,https://www.google.com/maps/place/data=!3m1!4b1!4m2!3m1!1s0x47e671f860434a21:0xee7edd9be308a667
Statue de Frédéric Chopin,4.6,,https://www.google.com/maps/place/data=!3m1!4b1!4m2!3m1!1s0x47e66fbf25855321:0x199897b6d9e1bc80
Mandala,5.0,6,https://www.google.com/maps/place/data=!3m1!4b1!4m2!3m1!1s0x47e671ac2a2b0a23:0xb80cb3b31d086a6e
Lara Diégo - Musee La Villa Des Peintres,4.9,,https://www.google.com/maps/place/data=!3m1!4b1!4m2!3m1!1s0x12ac38978893038b:0xbeb25af54f32a2ce
Monument à Émile Levassor,4.0,,https://www.google.com/maps/place/data=!3m1!4b1!4m2!3m1!1s0x47e66f001e762923:0x87bb88b0bf433966
Square du Vert-Galant,4.5,1482,https://www.google.com/maps/place/data=!3m1!4b1!4m2!3m1!1s0x47e66e20bf20388b:0x13d90502531bfa9
Collection de Minéraux de Sorbonne Université,4.9,,https://www.google.com/maps/place/data=!3m1!4b1!4m2!3m1!1s0x47e671e5405c3923:0x312ca822e14aa946
Albert-Kahn Museum and Garden,4.6,,https://www.google.com/maps/place/data=!3m1!4b1!4m2!3m1!1s0x47e67b2122a57927:0x2eb59147365d4371
Monument aux Volontaires américains,4.7,,https://www.google.com/maps/place/data=!3m1!4b1!4m2!3m1!1s0x47e66fe8ac54858f:0xeb9efc8e1481a0b9
Azzedine Alaïa Foundation,4.7,,https://www.google.com/maps/place/data=!3m1!4b1!4m2!3m1!1s0x47e66e1d38879b8f:0xd0c297c04bdd0eea
Atelier Ergon - Bureau d'études Monuments Historiques,5.0,,https://www.google.com/maps/place/data=!3m1!4b1!4m2!3m1!1s0x47e66f1777541a8d:0xbadc61ef549cb182
Musée de la Magie,4.0,,https://www.google.com/maps/place/data=!3m1!4b1!4m2!3m1!1s0x47e671fe82261b8d:0x9d75d51c09e28eb
Fondation Louis Vuitton,4.5,,https://www.google.com/maps/place/data=!3m1!4b1!4m2!3m1!1s0x47e6655d45f42a25:0x85d645fc15bab5cd
Curie Museum,4.6,,https://www.google.com/maps/place/data=!3m1!4b1!4m2!3m1!1s0x47e671e8378a4d8d:0x70ad8ef3a75309df
Mus'X,4.9,,https://www.google.com/maps/place/data=!3m1!4b1!4m2!3m1!1s0x47e679a00f98448d:0x74dca146d3714edc
Monument aux morts de Saint-Ouen-sur-Seine,5.0,,https://www.google.com/maps/place/data=!3m1!4b1!4m2!3m1!1s0x47e66f0017606f8d:0x8ff739947ee924a1
Arc de Triomphe,4.7,281348,https://www.google.com/maps/place/data=!3m1!4b1!4m2!3m1!1s0x47e66fec70fb1d8f:0xd9b5676e112e643d
La Maison des histoires - Bastille,4.8,,https://www.google.com/maps/place/data=!3m1!4b1!4m2!3m1!1s0x47e6730047d48825:0x2f9a33fc2992ee8b
Edith Piaf Museum,3.3,,https://www.google.com/maps/place/data=!3m1!4b1!4m2!3m1!1s0x47e66defcd618325:0xe87625279100efbf
Arab World Institute,4.2,,https://www.google.com/maps/place/data=!3m1!4b1!4m2!3m1!1s0x47e671fb2337ed2b:0xbed555c58f020e74
Le Musée en Herbe,4.3,,https://www.google.com/maps/place/data=!3m1!4b1!4m2!3m1!1s0x47e66e23228f4f93:0x4a2b26bdd55ec6f6
Marshal Ney Monument,4.5,,https://www.google.com/maps/place/data=!3m1!4b1!4m2!3m1!1s0x47e671c6c0a0772b:0x2b43fc581c4377f9
Porte Saint-Martin,4.5,,https://www.google.com/maps/place/data=!3m1!4b1!4m2!3m1!1s0x47e66e0e28eff093:0x3d85955d2ca4dda0
Musée Yves Saint Laurent,4.3,,https://www.google.com/maps/place/data=!3m1!4b1!4m2!3m1!1s0x47e66fe79393f893:0xc8d90b5490d8edcc
Maisons colorées de la rue Crémieux,4.4,,https://www.google.com/maps/place/data=!3m1!4b1!4m2!3m1!1s0x47e67203419be391:0x6468453495818eda
Ennery Museum,4.2,,https://www.google.com/maps/place/data=!3m1!4b1!4m2!3m1!1s0x47e66ff6896afe29:0xbacc3c3f8a569659
Bayeux Tapestry Museum,4.6,,https://www.google.com/maps/place/data=!3m1!4b1!4m2!3m1!1s0x480bacad1e032729:0x533a3a3a2a4b0c16
Les Caves du Louvre,4.6,1979,https://www.google.com/maps/place/data=!3m1!4b1!4m2!3m1!1s0x47e66e2185ea3629:0x7ce2b711dbf2008c
Colonne de Juillet,4.3,,https://www.google.com/maps/place/data=!3m1!4b1!4m2!3m1!1s0x47e67201aca55d91:0x215f5f5bef3d2fe9
Musée National d'Art Moderne,4.5,,https://www.google.com/maps/place/data=!3m1!4b1!4m2!3m1!1s0x47e66fba0bfc5e91:0x79e89a6c670e5276
Monument aux morts 1914-18 d'Ivry-sur-Seine,5.0,,https://www.google.com/maps/place/data=!3m1!4b1!4m2!3m1!1s0x47e6737ca1125929:0x84a8c7e621011c19
Rue du Monument,4.0,,https://www.google.com/maps/place/data=!3m1!4b1!4m2!3m1!1s0x47e60db4acfe7391:0x77a57d827eb419a
Airborne Museum,4.7,,https://www.google.com/maps/place/data=!3m1!4b1!4m2!3m1!1s0x480b792fe049312b:0x8ca508c8a524e349
Place de la Bastille,4.3,25565,https://www.google.com/maps/place/data=!3m1!4b1!4m2!3m1!1s0x47e67201aca99229:0x231eb0c967e5eb10
Monument à la Mémoire des Martyrs de la Résistance et de la Déportation,4.5,,https://www.google.com/maps/place/data=!3m1!4b1!4m2!3m1!1s0x47e66590a981632f:0xb5dabfb80b41b14
"Maxim's Art Nouveau ""Collection 1900""",4.0,,https://www.google.com/maps/place/data=!3m1!4b1!4m2!3m1!1s0x47e66fcd5046ff2f:0x85674bdbada80d2d
Palais de la Porte Dorée,4.4,,https://www.google.com/maps/place/data=!3m1!4b1!4m2!3m1!1s0x47e6726075b1c82d:0x97c6b7c8b6e2342
Musée - Librarie du Compagnonnage,4.6,,https://www.google.com/maps/place/data=!3m1!4b1!4m2!3m1!1s0x47e671d99b0bff2d:0x2a0c11009957aeed
Musée de l'Homme,4.4,,https://www.google.com/maps/place/data=!3m1!4b1!4m2!3m1!1s0x47e66ffc9e072c95:0xdeacab05dc637df
Eiffel Tower,4.7,474837,https://www.google.com/maps/place/data=!3m1!4b1!4m2!3m1!1s0x47e66e2964e34e2d:0x8ddca9ee380ef7e0
Musée de Cluny,4.5,,https://www.google.com/maps/place/data=!3m1!4b1!4m2!3m1!1s0x47e671ddf5e1132f:0x5d66e4a5335b37f
Maison départementale de la Mémoire Militaire (Amis de la Martinerie),4.9,,https://www.google.com/maps/place/data=!3m1!4b1!4m2!3m1!1s0x47fb09ae3fe38a9b:0xfb5877fc2b36e558
Fontaine Saint-Michel,4.4,,https://www.google.com/maps/place/data=!3m1!4b1!4m2!3m1!1s0x47e671de255fbf33:0xbb48b3d09fcc48c4
Musée Vivant du fromage,4.7,,https://www.google.com/maps/place/data=!3m1!4b1!4m2!3m1!1s0x47e6710019d7b29b:0x8348867f183c0f76
The Centquatre-Paris,4.5,,https://www.google.com/maps/place/data=!3m1!4b1!4m2!3m1!1s0x47e66dd66beff731:0xde01738bf54df325
The Thinker,4.3,,https://www.google.com/maps/place/data=!3m1!4b1!4m2!3m1!1s0x47e67029ed211a99:0x2d8e908e33312b38
Hôtel de Comans d'Astry,4.5,,https://www.google.com/maps/place/data=!3m1!4b1!4m2!3m1!1s0x47e671fb82114f31:0xf0be25daead6ef24
MAC VAL - Val-de-Marne Contemporary Art Museum,4.3,,https://www.google.com/maps/place/data=!3m1!4b1!4m2!3m1!1s0x47e6739503174c31:0xacdcf3635ce81ceb
Musée de la Contrefaçon,4.0,,https://www.google.com/maps/place/data=!3m1!4b1!4m2!3m1!1s0x47e665588aaa7731:0x3af52edebd9f0f60
Monument aux morts de Sucy-en-Brie,5.0,,https://www.google.com/maps/place/data=!3m1!4b1!4m2!3m1!1s0x47e60b2a646d8831:0x8d76f34d3df3f675
Bibliothèque de l'Arsenal,4.4,,https://www.google.com/maps/place/data=!3m1!4b1!4m2!3m1!1s0x47e671fec953749f:0xa2062f936fe7752d
Colonne Vendôme,4.7,,https://www.google.com/maps/place/data=!3m1!4b1!4m2!3m1!1s0x47e66e31ee97979f:0x572f1370e3432ecd
Coulée Verte René-Dumont,4.6,6469,https://www.google.com/maps/place/data=!3m1!4b1!4m2!3m1!1s0x47e672017ad8a49f:0x961dede5aeb1ff83
Halle Saint-Pierre,4.5,,https://www.google.com/maps/place/data=!3m1!4b1!4m2!3m1!1s0x47e66e42e3d7bf35:0xd1e03ecfcebc1d20
Bourdelle Museum,4.6,,https://www.google.com/maps/place/data=!3m1!4b1!4m2!3m1!1s0x47e670331292e59d:0x8b3c27f3b2e096ae
Monument to Balzac,4.1,,https://www.google.com/maps/place/data=!3m1!4b1!4m2!3m1!1s0x47e671cf211e2f9d:0x547f6ffb3c1674fb
Musée des Arts et Métiers,4.6,,https://www.google.com/maps/place/data=!3m1!4b1!4m2!3m1!1s0x47e66e1aa6c84435:0x772045ec563b1de2
Musées de La Résistance et de La Déportation,4.6,,https://www.google.com/maps/place/data=!3m1!4b1!4m2!3m1!1s0x47fa942764b66535:0x107e1922a2c74ebd
Monument aux morts de Fontenay-sous-Bois,5.0,,https://www.google.com/maps/place/data=!3m1!4b1!4m2!3m1!1s0x47e60dd9183c6aa3:0xde7e3137efac3348
"Fragments du monument ""A la gloire de l'expansion coloniale""",4.0,,https://www.google.com/maps/place/data=!3m1!4b1!4m2!3m1!1s0x47e60d0062a16ba3:0x1f27f1ff8685b1b0
Musée Maillol,4.5,,https://www.google.com/maps/place/data=!3m1!4b1!4m2!3m1!1s0x47e671d5a61378a3:0x76b1344c9e5d291
Henri Cartier Bresson Foundation,4.2,,https://www.google.com/maps/place/data=!3m1!4b1!4m2!3m1!1s0x47e671caa1ba9da3:0x360c94ddbdba4652
Place Blanche,4.7,17,https://www.google.com/maps/place/data=!3m1!4b1!4m2!3m1!1s0x47e66f001ae195a3:0x407e18606eb0379f
Musée de l'Orangerie,4.6,,https://www.google.com/maps/place/data=!3m1!4b1!4m2!3m1!1s0x47e66e2eeaaaaaa3:0xdc3fd08aa701960a
Modus Art Gallery,4.7,,https://www.google.com/maps/place/data=!3m1!4b1!4m2!3m1!1s0x47e66e0023a9ac3b:0xa473b0c18d81512a
Museum of Hunting and Nature,4.5,,https://www.google.com/maps/place/data=!3m1!4b1!4m2!3m1!1s0x47e66e0486f0aca3:0x80d622889bbbb156
Visitas Guiadas em Paris,5.0,,https://www.google.com/maps/place/data=!3m1!4b1!4m2!3m1!1s0x47e67172cd28a139:0x4f9d932d9cd76a0f
Belvédère de Belleville,4.4,,https://www.google.com/maps/place/data=!3m1!4b1!4m2!3m1!1s0x47e66de9601caaa1:0x1e1398b1bf19f9d4
Church of Saint-Gervais,4.6,,https://www.google.com/maps/place/data=!3m1!4b1!4m2!3m1!1s0x47e671e2ade5c7a1:0x92dca220d45e87a
Musée de la Marine,4.4,,https://www.google.com/maps/place/data=!3m1!4b1!4m2!3m1!1s0x47e66ffb6043d7a1:0xdfd9720b1e4d2387
Monument aux Républicains Espagnols,1.0,,https://www.google.com/maps/place/data=!3m1!4b1!4m2!3m1!1s0x47e67118bb3d10a1:0xdb5ed9aac3746108
Winston Churchill Statue,4.6,,https://www.google.com/maps/place/data=!3m1!4b1!4m2!3m1!1s0x47e66fd04c1517a1:0x90a80696fb66ccab
Solidarność Monument,4.0,,https://www.google.com/maps/place/data=!3m1!4b1!4m2!3m1!1s0x47e66fcf0f6d1339:0x3e7b49d2037db798
Atlantes de Kinsburger,3.0,2,https://www.google.com/maps/place/data=!3m1!4b1!4m2!3m1!1s0x47e66f627e947fa1:0xb78696083d77892d
The Centre Pompidou,4.4,,https://www.google.com/maps/place/data=!3m1!4b1!4m2!3m1!1s0x47e66e1c09b820a3:0xb7ac6c7e59dc3345
Les Pavillons de Bercy - Musée des Arts Forains,4.7,,https://www.google.com/maps/place/data=!3m1!4b1!4m2!3m1!1s0x47e67240f6423fa3:0x3b31b5b4616f253d
Monument au Général Diego Brosset,4.8,,https://www.google.com/maps/place/data=!3m1!4b1!4m2!3m1!1s0x47e66fb8e925393b:0x1359aae59b27aa9b
Statue De Voltaire,5.0,,https://www.google.com/maps/place/data=!3m1!4b1!4m2!3m1!1s0x47e66e279e05e93f:0x2130110374f401f
Monument funéraire de Joaquin Maria de Errazu,4.8,,https://www.google.com/maps/place/data=!3m1!4b1!4m2!3m1!1s0x47e66d79d38347a7:0xfdf1e30e0f0be66
Monument à Francis Garnier,4.2,,https://www.google.com/maps/place/data=!3m1!4b1!4m2!3m1!1s0x47e671f16e8b473f:0x6654eb54335c53f0
Motorcycle tour : Parisian Monuments & Hidden Gems,5.0,,https://www.google.com/maps/place/data=!3m1!4b1!4m2!3m1!1s0x47e671a7f0536da7:0xf8e66e98d96fa9ac
Mur des Noms,4.2,,https://www.google.com/maps/place/data=!3m1!4b1!4m2!3m1!1s0x47e671fd48647b3f:0xa7e0d2e3e14140b3
Oasis d'Aboukir,4.5,71,https://www.google.com/maps/place/data=!3m1!4b1!4m2!3m1!1s0x47e66e17a78a99a7:0xca71742efb26f07
Square Jules-Ferry,3.8,543,https://www.google.com/maps/place/data=!3m1!4b1!4m2!3m1!1s0x47e66de29ba4dd3f:0xc0e6ec9b25da2206
Musée Jacquemart-André,4.5,,https://www.google.com/maps/place/data=!3m1!4b1!4m2!3m1!1s0x47e66fc7b7aef5a5:0x5d7785b84c933a2d
Street art,4.3,3,https://www.google.com/maps/place/data=!3m1!4b1!4m2!3m1!1s0x47e66dda219d0d3d:0xb1f6de891f6daf51
Cabinet de Réalité Virtuelle,3.3,,https://www.google.com/maps/place/data=!3m1!4b1!4m2!3m1!1s0x47e671f1b8b800a5:0xaa809a83dec58541
Hôtel Béthune-Sully,4.1,,https://www.google.com/maps/place/data=!3m1!4b1!4m2!3m1!1s0x47e671e03de6103d:0xd753efc0beef7570
Pont au Change,4.6,,https://www.google.com/maps/place/data=!3m1!4b1!4m2!3m1!1s0x47e66e1fd0b911a5:0xcce1e4febc527859
פריז,5.0,1,https://www.google.com/maps/place/data=!3m1!4b1!4m2!3m1!1s0x47e66f005ea52da5:0x8b51e861078cc522
99 Cameras Museum,5.0,,https://www.google.com/maps/place/data=!3m1!4b1!4m2!3m1!1s0x47e66558ddcf48a5:0xdcba26d961571833
Musée de La Poste,4.7,,https://www.google.com/maps/place/data=!3m1!4b1!4m2!3m1!1s0x47e670347bd90a3f:0x7755aeb34b17f088
Notre-Dame-des-Blancs-Manteaux,4.5,,https://www.google.com/maps/place/data=!3m1!4b1!4m2!3m1!1s0x47e66e03059212a7:0x25c5705b70600c86
Bassins des Lumières,4.7,,https://www.google.com/maps/place/data=!3m1!4b1!4m2!3m1!1s0xd552990f83e26a7:0x7f91faa2e0dd47a9
Edith Piaf Statue,4.0,,https://www.google.com/maps/place/data=!3m1!4b1!4m2!3m1!1s0x47e66d114dd372ab:0x423672bc7eb98976
Monument aux soldats noirs morts,5.0,,https://www.google.com/maps/place/data=!3m1!4b1!4m2!3m1!1s0x47e60d0072969eab:0x2204dd1d28eaba8f
Square Samuel Paty,4.3,,https://www.google.com/maps/place/data=!3m1!4b1!4m2!3m1!1s0x47e671e75f39aa43:0xc8888b24b5980ead
Monument aux morts de la guerre franco-prussienne,4.2,,https://www.google.com/maps/place/data=!3m1!4b1!4m2!3m1!1s0x47e671dc8f6abbab:0x71e794c6d8aa7951
Musée Jean-Jacques Henner,4.4,,https://www.google.com/maps/place/data=!3m1!4b1!4m2!3m1!1s0x47e66fbbf159c343:0x241a58958e574153
Musée Mémoire d'Islande / PLAERANEG GWECHALL,5.0,,https://www.google.com/maps/place/data=!3m1!4b1!4m2!3m1!1s0x48121bf06aa8db43:0x4833fe6d738c2266
Rodin Museum Meudon,4.5,,https://www.google.com/maps/place/data=!3m1!4b1!4m2!3m1!1s0x47e6702a1eccdb43:0x30c621f1f39f8336
Musée Rodin,4.7,,https://www.google.com/maps/place/data=!3m1!4b1!4m2!3m1!1s0x47e6702a1eccdb43:0x6468d82811b67058
Le Carreau du Temple,4.4,,https://www.google.com/maps/place/data=!3m1!4b1!4m2!3m1!1s0x47e66e05df32aca9:0x9df77983fa39fc12
Monument à Octave gréard,2.0,,https://www.google.com/maps/place/data=!3m1!4b1!4m2!3m1!1s0x47e671e390b3d241:0x725d59d5bbd264a9
Louvre Pyramid,4.7,,https://www.google.com/maps/place/data=!3m1!4b1!4m2!3m1!1s0x47e66e267a32d441:0xb0088e1f7c07f451
Monument to Human Rights,4.4,,https://www.google.com/maps/place/data=!3m1!4b1!4m2!3m1!1s0x47e6702046230a41:0xd0952bb85fbaf60e
Tower Philippe Auguste,4.4,13,https://www.google.com/maps/place/data=!3m1!4b1!4m2!3m1!1s0x47e66e0338a52ea9:0x6319e2ffae012884
Monument aux victimes de la guerre 1914-1918,4.5,,https://www.google.com/maps/place/data=!3m1!4b1!4m2!3m1!1s0x47e67b2ea1b91fab:0x9e825199e886076
Maison de Victor Hugo,4.5,,https://www.google.com/maps/place/data=!3m1!4b1!4m2!3m1!1s0x47e671ffee3e8e41:0xa8588a7c755874d2
Flame of Liberty,4.5,,https://www.google.com/maps/place/data=!3m1!4b1!4m2!3m1!1s0x47e66fdd852924ab:0xd73d632037c2fb55
Musée des Beaux-Arts de Rouen,4.6,,https://www.google.com/maps/place/data=!3m1!4b1!4m2!3m1!1s0x47e0ddd7109645af:0x9836a30b9286cbd6
Domaine National du Palais-Royal,4.6,,https://www.google.com/maps/place/data=!3m1!4b1!4m2!3m1!1s0x47e66e1fd8767d47:0xcdcb526c397f16f5
Sainte-Chapelle,4.6,,https://www.google.com/maps/place/data=!3m1!4b1!4m2!3m1!1s0x47e66e1fd8767d47:0x33f441f9dc242768
Conciergerie,4.4,10964,https://www.google.com/maps/place/data=!3m1!4b1!4m2!3m1!1s0x47e66e1fd8767d47:0x90ca4b466cb6316a
Centre des monuments nationaux,3.3,,https://www.google.com/maps/place/data=!3m1!4b1!4m2!3m1!1s0x47e66e1fd8767d47:0x49cf1a0012a74348
Musée d'Art Moderne de Paris,4.5,,https://www.google.com/maps/place/data=!3m1!4b1!4m2!3m1!1s0x47e66fe7988e74af:0x60dec2cd0e194c25
Musée Historique et Archéologique de l'Orléanais,4.1,,https://www.google.com/maps/place/data=!3m1!4b1!4m2!3m1!1s0x47e4e4d15c5f9047:0x26fcac3ba8beec7
Écluses des Récollets,4.4,7,https://www.google.com/maps/place/data=!3m1!4b1!4m2!3m1!1s0x47e66f47879ade45:0xea0a65bbba1712e4
The Liberation of Paris Museum - General Leclerc Museum - Jean Moulin Museum,4.7,,https://www.google.com/maps/place/data=!3m1!4b1!4m2!3m1!1s0x47e67034c76cfead:0x235729aa3fc21ba6
Sculpture Du Chat,3.6,,https://www.google.com/maps/place/data=!3m1!4b1!4m2!3m1!1s0x47e6727d02f1f1ad:0xadde7d188d4b7a1a
Musée Méliès,4.6,,https://www.google.com/maps/place/data=!3m1!4b1!4m2!3m1!1s0x47e673db8db60a45:0x3e4c66100a94da0a
Musée Condé,4.7,,https://www.google.com/maps/place/data=!3m1!4b1!4m2!3m1!1s0x47e6498f5a234f45:0xae91f807bf094b78
The Sculpture Garden,4.7,,https://www.google.com/maps/place/data=!3m1!4b1!4m2!3m1!1s0x47e0cd472d744345:0x2abe33b18235062
Instituto de difusión de la Cultura y el Turismo en Italia,5.0,1,https://www.google.com/maps/place/data=!3m1!4b1!4m2!3m1!1s0x47e66f16d4e153ad:0xb315de09470d4c46
Deyrolle,4.7,,https://www.google.com/maps/place/data=!3m1!4b1!4m2!3m1!1s0x47e671d5f5c00847:0x342bc89fb4be12d1
Crypte Archéologique de l'İle de la Cité,4.3,,https://www.google.com/maps/place/data=!3m1!4b1!4m2!3m1!1s0x47e671e176247a45:0xf30fffdcfc77bd50
Eugène Delacroix Museum,4.1,,https://www.google.com/maps/place/data=!3m1!4b1!4m2!3m1!1s0x47e671d857fb93ad:0x8ea31046d2dc5242
Musée National Picasso-Paris,4.4,14417,https://www.google.com/maps/place/data=!3m1!4b1!4m2!3m1!1s0x47e66e0142746b4b:0xc191da9af2fc6df7
Fontaine de la Vierge,4.6,91,https://www.google.com/maps/place/data=!3m1!4b1!4m2!3m1!1s0x47e671e3be95794b:0xad01dc984b4b9128
Lamarck statue,4.4,,https://www.google.com/maps/place/data=!3m1!4b1!4m2!3m1!1s0x47e6713be78fa44b:0x86618e3eade04b94
MUS - Museum of Urban and Social History of Suresnes,4.2,,https://www.google.com/maps/place/data=!3m1!4b1!4m2!3m1!1s0x47e664cffd27fcb3:0xdc2c5196a9295c7
Statue du Général Charles de Gaulle,4.5,,https://www.google.com/maps/place/data=!3m1!4b1!4m2!3m1!1s0x47e66fcfdad9af49:0x24b88148803f9c33
Le Grand Assistant,4.7,3,https://www.google.com/maps/place/data=!3m1!4b1!4m2!3m1!1s0x47e66f3192a6efb1:0xdd64130a747995bc
Emile Decroix Memorial,4.7,,https://www.google.com/maps/place/data=!3m1!4b1!4m2!3m1!1s0x47e6704396530349:0xe5a2f3d5eebefb59
Lafayette Anticipations,4.4,,https://www.google.com/maps/place/data=!3m1!4b1!4m2!3m1!1s0x47e66e1cc36a1b49:0xf93718ff709fd28f
Petit Palais,4.7,,https://www.google.com/maps/place/data=!3m1!4b1!4m2!3m1!1s0x47e66fd1ce8f4349:0xf3f5be813dd2469c
Museum of the Thirties,4.5,,https://www.google.com/maps/place/data=!3m1!4b1!4m2!3m1!1s0x47e67ae7ad175c49:0xf929fc19478abd70
Tour de l'Horloge du Palais de la Cité,4.6,,https://www.google.com/maps/place/data=!3m1!4b1!4m2!3m1!1s0x47e66e1fd87412b3:0x15dc23f051802e30
Carrières des Lumières,4.7,,https://www.google.com/maps/place/data=!3m1!4b1!4m2!3m1!1s0x12b5e142696be24f:0xad0679207d8b0d3f
Museum of National Resistance,4.6,,https://www.google.com/maps/place/data=!3m1!4b1!4m2!3m1!1s0x47e60c36aaa84bb7:0xedbe11d255f05642
Muséum de Toulouse,4.5,,https://www.google.com/maps/place/data=!3m1!4b1!4m2!3m1!1s0x12aebc86a3707a4f:0xcd9775ac6d9d643c
Monnaie de Paris,4.4,,https://www.google.com/maps/place/data=!3m1!4b1!4m2!3m1!1s0x47e66e20ac7d9f4f:0x34d87eac786f0e96
Musée national de l'histoire de l'immigration,4.4,,https://www.google.com/maps/place/data=!3m1!4b1!4m2!3m1!1s0x47e672600942b74f:0x6facbd967d65b5b6
Hôtel Mezzara,4.6,,https://www.google.com/maps/place/data=!3m1!4b1!4m2!3m1!1s0x47e67aaed2effcb7:0x80229f3a9ac21ddd
Historial Charles de Gaulle,4.5,,https://www.google.com/maps/place/data=!3m1!4b1!4m2!3m1!1s0x47e66fd7cdd65f4d:0xadf959f5c3dfad29
Centre Pompidou administration,4.9,,https://www.google.com/maps/place/data=!3m1!4b1!4m2!3m1!1s0x47e66faad5bd594d:0x90cca3e4e876c9be
Grand Synagogue of Paris,4.6,,https://www.google.com/maps/place/data=!3m1!4b1!4m2!3m1!1s0x47e66e3261b1ed53:0xdd7beaefb40528ef
Square de l'Île-de-France,4.5,334,https://www.google.com/maps/place/data=!3m1!4b1!4m2!3m1!1s0x47e671e39c05e3bb:0x8808a4297e35adf
Jardin du Monument aux Mères Françaises,3.7,,https://www.google.com/maps/place/data=!3m1!4b1!4m2!3m1!1s0x47e671839b974253:0xaa40ae8985336262
Hotel Sandreville,3.8,,https://www.google.com/maps/place/data=!3m1!4b1!4m2!3m1!1s0x47e66e0230ec5753:0x9c9c3e03be2ef2aa
Monument to Eugène Flachat,3.8,,https://www.google.com/maps/place/data=!3m1!4b1!4m2!3m1!1s0x47e66f97f39e6e53:0xdbc282cb42878255
Maison Européenne de la Photographie,4.5,,https://www.google.com/maps/place/data=!3m1!4b1!4m2!3m1!1s0x47e671fd90ae6853:0x61f2a2056ace2ff2
Musée de la préfecture de police,4.5,,https://www.google.com/maps/place/data=!3m1!4b1!4m2!3m1!1s0x47e671e690d17c53:0x48c8ab5b441ae053
Choco-Story Paris - Musée du Chocolat,4.2,,https://www.google.com/maps/place/data=!3m1!4b1!4m2!3m1!1s0x47e66e16bc37e251:0x540d004fc4573f62
Place des Vosges,4.6,31416,https://www.google.com/maps/place/data=!3m1!4b1!4m2!3m1!1s0x47e671ffe088e851:0x64d877a597074ca8
NextStreet Gallery,5.0,,https://www.google.com/maps/place/data=!3m1!4b1!4m2!3m1!1s0x47e66e002351e9b9:0xc05fc5617b29a182
Palais des expositions des Beaux-Arts,4.5,,https://www.google.com/maps/place/data=!3m1!4b1!4m2!3m1!1s0x47e66f74a541ffb9:0xee54f6995a5f0e76
Statue Anne de Bretagne,4.3,,https://www.google.com/maps/place/data=!3m1!4b1!4m2!3m1!1s0x47e67104cb8f51b9:0x32b06b061af2a3cc
Monument à Charles Trenet,4.3,,https://www.google.com/maps/place/data=!3m1!4b1!4m2!3m1!1s0x47e60c392b9155b9:0xd60a8bb7baa86d6f
Musée du Palais Lascaris,4.4,,https://www.google.com/maps/place/data=!3m1!4b1!4m2!3m1!1s0x12cddabca1950653:0x8d425022ef476dde
Roybet Fould Museum,4.3,,https://www.google.com/maps/place/data=!3m1!4b1!4m2!3m1!1s0x47e665843f4f61b9:0x604e9fa2594c2db1
Pavillon de l'Arsenal,4.4,,https://www.google.com/maps/place/data=!3m1!4b1!4m2!3m1!1s0x47e671f935651253:0x9b06353c0a53ac8d
Hôtel des Invalides,4.7,,https://www.google.com/maps/place/data=!3m1!4b1!4m2!3m1!1s0x47e66fd7b98f3053:0x455a14459c80c16a
Colonnade de Perrault,4.6,,https://www.google.com/maps/place/data=!3m1!4b1!4m2!3m1!1s0x47e66e214a3b3353:0x77ec7f6664253544
Musée de l'Armée,4.6,,https://www.google.com/maps/place/data=!3m1!4b1!4m2!3m1!1s0x47e66fd7ecd7eabf:0x761e79ce4d1d4227
Museum of Relief Maps,4.6,,https://www.google.com/maps/place/data=!3m1!4b1!4m2!3m1!1s0x47e66fd7ecd7eabf:0x1e2af690cffafca2
Monument Pierre 1er de Serbie et Alexandre 1er de Yougoslavie,4.7,,https://www.google.com/maps/place/data=!3m1!4b1!4m2!3m1!1s0x47e66551915a7d57:0xcbf63e8667cc66eb
Galerie Montorgueil,4.9,,https://www.google.com/maps/place/data=!3m1!4b1!4m2!3m1!1s0x47e66f2bec968b57:0x52a699b1e2a44bce
Tours de la cathédrale Notre-Dame de Paris,4.5,,https://www.google.com/maps/place/data=!3m1!4b1!4m2!3m1!1s0x47e671005351c5bd:0x42f8c16657f6dea1
Arc de Triomphe du Carrousel,4.7,,https://www.google.com/maps/place/data=!3m1!4b1!4m2!3m1!1s0x47e66e2f4dbfd055:0x7607faa504ac5be9
Church of Notre-Dame de Bonne-Nouvelle,4.5,,https://www.google.com/maps/place/data=!3m1!4b1!4m2!3m1!1s0x47e66e16ea6dff55:0xdb16f57b8cfdfd5f
Musée Grévin,4.4,32322,https://www.google.com/maps/place/data=!3m1!4b1!4m2!3m1!1s0x47e66e3e9be04a55:0x7def1a3ff98df458
Perrotin,4.7,,https://www.google.com/maps/place/data=!3m1!4b1!4m2!3m1!1s0x47e66e00d6995555:0xaeef6d321ee79049
Histoire de Paris : Les bouquinistes de la Seine,4.8,6,https://www.google.com/maps/place/data=!3m1!4b1!4m2!3m1!1s0x47e6714800f77abd:0x6aec15c36e499184
Zen+DCO,3.0,,https://www.google.com/maps/place/data=!3m1!4b1!4m2!3m1!1s0x47e66e08b3b881bd:0xdded29e4025bf156
Hôtel de Sens,4.5,,https://www.google.com/maps/place/data=!3m1!4b1!4m2!3m1!1s0x47e671fdabeb30bf:0x6e731a640e60cf15
Écluse du Temple,4.4,17,https://www.google.com/maps/place/data=!3m1!4b1!4m2!3m1!1s0x47e66f5836d4665b:0xc6a2a5fccf62027a
Monument à la mémoire d'Aristide Briand,4.8,,https://www.google.com/maps/place/data=!3m1!4b1!4m2!3m1!1s0x47e66f3903f46c5b:0x543f14bbc21d42cf
Museum of the Armed Forces Health Service,4.4,,https://www.google.com/maps/place/data=!3m1!4b1!4m2!3m1!1s0x47e671c185fa9d5b:0x5caaa8eb698ce60
Place du Calvaire,4.7,23,https://www.google.com/maps/place/data=!3m1!4b1!4m2!3m1!1s0x47e66f9b270f9a5b:0xb6a1b16802f45794
Monument de la Libération,5.0,,https://www.google.com/maps/place/data=!3m1!4b1!4m2!3m1!1s0x47e67752e8b6ddc3:0x59948663731e9ee7
Paris Musées,3.5,,https://www.google.com/maps/place/data=!3m1!4b1!4m2!3m1!1s0x47e66e13809bad59:0x1d3ee5827d88a02d
Monument à la mémoire des agents du métropolitain morts pour la France,4.0,,https://www.google.com/maps/place/data=!3m1!4b1!4m2!3m1!1s0x47e66f003fe4aa59:0x7726b0f8b6f12cc3
Musée de Montmartre,4.6,,https://www.google.com/maps/place/data=!3m1!4b1!4m2!3m1!1s0x47e66e5b42ecc559:0x113761431fdaa76e
Gagosian,4.5,,https://www.google.com/maps/place/data=!3m1!4b1!4m2!3m1!1s0x47e66f52aeb8d1c1:0x546ad91284386a95
Bétonsalon - centre d'art et de recherche,4.3,,https://www.google.com/maps/place/data=!3m1!4b1!4m2!3m1!1s0x47e6723be2c8f659:0xec0105e7fb67ece5
Rue des Degrés,3.1,23,https://www.google.com/maps/place/data=!3m1!4b1!4m2!3m1!1s0x47e66f92260138c1:0x1651bba35b4c4f74
FlyView Paris,4.1,,https://www.google.com/maps/place/data=!3m1!4b1!4m2!3m1!1s0x47e66e30be632e5b:0x9f0090e78347b26a
Musée national des arts asiatiques - Guimet,4.6,,https://www.google.com/maps/place/data=!3m1!4b1!4m2!3m1!1s0x47e66fe5cd3929c3:0xb5ec0412a7bc9c89
Atlantes,4.6,11,https://www.google.com/maps/place/data=!3m1!4b1!4m2!3m1!1s0x47e67211c67135c3:0x234523216e1f2d96
Monument aux morts de Houilles,5.0,,https://www.google.com/maps/place/data=!3m1!4b1!4m2!3m1!1s0x47e66390e47b5bc7:0x2e52b175aa7957ad
Cité de la Musique,4.6,,https://www.google.com/maps/place/data=!3m1!4b1!4m2!3m1!1s0x47e66db6400e9c5f:0x5f5355e5ec5f6d74
Statue poete roumain Mihai Eminescu,4.9,,https://www.google.com/maps/place/data=!3m1!4b1!4m2!3m1!1s0x47e671e702acd45f:0x764c43013cf5b182
Thermes de Cluny,4.5,,https://www.google.com/maps/place/data=!3m1!4b1!4m2!3m1!1s0x47e671dde361d9c5:0x5b090d3dfbfbb5f5
Hôtel d'Albret,4.2,,https://www.google.com/maps/place/data=!3m1!4b1!4m2!3m1!1s0x47e66e0224036dc5:0x17d6f792adefde07
Benny Velvet Flames Institute,4.0,,https://www.google.com/maps/place/data=!3m1!4b1!4m2!3m1!1s0x47e66e026916005f:0xd130266e0530b30
Monument de Buzenval,4.0,,https://www.google.com/maps/place/data=!3m1!4b1!4m2!3m1!1s0x47e67b1069b58ec5:0xef41861c174da4f
Remains of the Bastille,3.6,93,https://www.google.com/maps/place/data=!3m1!4b1!4m2!3m1!1s0x47e671feb1f63c5f:0x80cc4ac4569d51f6
Musée de l'Ordre de la Libération,4.7,,https://www.google.com/maps/place/data=!3m1!4b1!4m2!3m1!1s0x47e66fd7ece079cb:0xfe413ccebd3a938d
Monument to Maréchal Moncey,4.2,,https://www.google.com/maps/place/data=!3m1!4b1!4m2!3m1!1s0x47e66e4c5a3aa463:0x1465fbacf7a27224
Latin quarter,5.0,4,https://www.google.com/maps/place/data=!3m1!4b1!4m2!3m1!1s0x47e6710016e6cecb:0xf5fb71e08ad0111
Musée du quai Branly - Jacques Chirac,4.6,,https://www.google.com/maps/place/data=!3m1!4b1!4m2!3m1!1s0x47e66fe0da76cf63:0xb7949d5df6b04424
Luís de Camões Monument,4.7,,https://www.google.com/maps/place/data=!3m1!4b1!4m2!3m1!1s0x47e66f006d3ec763:0x6db415e698b6f5b7
Musée d'art et d'histoire du Judaïsme,4.5,,https://www.google.com/maps/place/data=!3m1!4b1!4m2!3m1!1s0x47e66e1ca9c8d0c9:0x857130c4f8961ea8
Musée Marmottan Monet,4.6,,https://www.google.com/maps/place/data=!3m1!4b1!4m2!3m1!1s0x47e665529447f461:0x4ec7611155da854c
L'arche by Mathieu Grosche,5.0,4,https://www.google.com/maps/place/data=!3m1!4b1!4m2!3m1!1s0x47e66f0022671bc9:0x9cfb99416561e54b
Palais Galliera,4.4,,https://www.google.com/maps/place/data=!3m1!4b1!4m2!3m1!1s0x47e66fe6404f1561:0xe0db1b2cc72435f0
Monument to Alexandre Dumas,4.5,,https://www.google.com/maps/place/data=!3m1!4b1!4m2!3m1!1s0x47e66fbbcf36eecf:0x41d1346445f01a6f
Place du Trocadero,4.7,,https://www.google.com/maps/place/data=!3m1!4b1!4m2!3m1!1s0x47e66fe3405d7ecf:0xc03ac392486d25b5
Tour Jean-sans-Peur,4.5,,https://www.google.com/maps/place/data=!3m1!4b1!4m2!3m1!1s0x47e66e19af66ce67:0xe2ee4ec6cb63193a
Polish Library in Paris,4.6,,https://www.google.com/maps/place/data=!3m1!4b1!4m2!3m1!1s0x47e671fcaeb442cd:0xff530c837c603ccd
Status Jean-Paul II,4.2,,https://www.google.com/maps/place/data=!3m1!4b1!4m2!3m1!1s0x47e671e161930967:0x7e866a5792ad810e
Danysz Gallery,4.7,,https://www.google.com/maps/place/data=!3m1!4b1!4m2!3m1!1s0x47e66dfe06267965:0x47c54a9fe72d78eb
Musée de poche,4.4,,https://www.google.com/maps/place/data=!3m1!4b1!4m2!3m1!1s0x47e66de309d485cd:0x9e29de7f3ecdec92
Cenotaph of Baudelaire,4.5,,https://www.google.com/maps/place/data=!3m1!4b1!4m2!3m1!1s0x47e671c9cb929865:0x59a3755a22bccab0
Musée Cernuschi,4.5,,https://www.google.com/maps/place/data=!3m1!4b1!4m2!3m1!1s0x47e66fb9d4f199cd:0x28c693ca0c63a9e0
Atelier des Lumières,4.6,,https://www.google.com/maps/place/data=!3m1!4b1!4m2!3m1!1s0x47e66df0dcd89465:0xe6f9d92ace6637ea
